-- MySQL dump 10.13  Distrib 5.5.62, for Win64 (AMD64)
--
-- Host: 127.0.0.1    Database: vk
-- ------------------------------------------------------
-- Server version	8.0.22-0ubuntu0.20.04.3

/*!40101 SET @OLD_CHARACTER_SET_CLIENT=@@CHARACTER_SET_CLIENT */;
/*!40101 SET @OLD_CHARACTER_SET_RESULTS=@@CHARACTER_SET_RESULTS */;
/*!40101 SET @OLD_COLLATION_CONNECTION=@@COLLATION_CONNECTION */;
/*!40101 SET NAMES utf8 */;
/*!40103 SET @OLD_TIME_ZONE=@@TIME_ZONE */;
/*!40103 SET TIME_ZONE='+00:00' */;
/*!40014 SET @OLD_UNIQUE_CHECKS=@@UNIQUE_CHECKS, UNIQUE_CHECKS=0 */;
/*!40014 SET @OLD_FOREIGN_KEY_CHECKS=@@FOREIGN_KEY_CHECKS, FOREIGN_KEY_CHECKS=0 */;
/*!40101 SET @OLD_SQL_MODE=@@SQL_MODE, SQL_MODE='NO_AUTO_VALUE_ON_ZERO' */;
/*!40111 SET @OLD_SQL_NOTES=@@SQL_NOTES, SQL_NOTES=0 */;

--
-- Table structure for table `communities`
--

DROP TABLE IF EXISTS `communities`;
/*!40101 SET @saved_cs_client     = @@character_set_client */;
/*!40101 SET character_set_client = utf8 */;
CREATE TABLE `communities` (
  `id` int unsigned NOT NULL AUTO_INCREMENT COMMENT 'Идентификатор сроки',
  `name` varchar(150) CHARACTER SET utf8 COLLATE utf8_unicode_ci NOT NULL COMMENT 'Название группы',
  `created_at` datetime DEFAULT CURRENT_TIMESTAMP COMMENT 'Время создания строки',
  `updated_at` datetime DEFAULT CURRENT_TIMESTAMP ON UPDATE CURRENT_TIMESTAMP COMMENT 'Время обновления строки',
  PRIMARY KEY (`id`),
  UNIQUE KEY `name` (`name`)
) ENGINE=InnoDB AUTO_INCREMENT=101 DEFAULT CHARSET=utf8 COLLATE=utf8_unicode_ci COMMENT='Группы';
/*!40101 SET character_set_client = @saved_cs_client */;

--
-- Dumping data for table `communities`
--

LOCK TABLES `communities` WRITE;
/*!40000 ALTER TABLE `communities` DISABLE KEYS */;
INSERT INTO `communities` VALUES (1,'praesentium','1988-07-12 23:26:23','1982-08-13 03:40:44'),(2,'recusandae','1979-12-23 15:05:49','2009-11-20 02:54:05'),(3,'necessitatibus','1989-11-09 09:20:29','1974-05-03 01:09:34'),(4,'facere','2019-07-10 21:26:45','1996-02-18 22:43:16'),(5,'et','1999-11-07 03:00:52','1985-06-19 11:37:02'),(6,'dignissimos','1982-09-06 09:14:15','2013-12-12 11:40:20'),(7,'pariatur','1979-02-21 02:38:53','2010-03-16 20:16:19'),(8,'repudiandae','2001-07-18 17:53:35','1979-09-05 21:04:04'),(9,'modi','2017-09-22 07:04:27','2004-06-01 11:02:55'),(10,'iure','1988-06-16 22:38:55','1991-11-06 18:38:52'),(11,'odit','1991-05-31 22:26:56','1994-04-27 08:46:49'),(12,'unde','1995-07-26 03:00:41','1997-03-10 07:50:01'),(13,'nisi','2004-02-15 22:58:32','1988-01-03 04:30:48'),(14,'tempore','1976-08-04 02:57:25','2005-09-14 03:41:34'),(15,'tempora','2018-07-02 21:16:23','2012-12-12 13:50:46'),(16,'nesciunt','2002-10-17 20:51:19','1990-01-14 06:37:24'),(17,'voluptatibus','2020-11-24 10:34:51','2018-01-10 14:39:45'),(18,'deserunt','1985-09-05 23:50:29','2015-05-21 20:40:58'),(19,'qui','1973-05-17 05:57:44','1980-12-02 18:56:03'),(20,'voluptates','2001-03-04 12:27:12','1982-09-06 15:37:44'),(21,'vitae','1973-12-05 11:54:08','2001-08-12 17:27:15'),(22,'fuga','2013-04-16 15:18:26','1978-12-07 08:20:54'),(23,'numquam','2016-05-27 19:15:51','2006-09-22 16:08:46'),(24,'eius','2020-11-25 04:21:24','2008-10-15 02:28:53'),(25,'consequatur','1979-03-16 11:32:07','1974-08-19 04:40:11'),(26,'earum','2019-02-20 16:58:49','1970-05-21 14:50:23'),(27,'totam','2010-06-11 03:51:52','1981-05-10 00:22:26'),(28,'dicta','1987-07-25 05:06:31','1984-11-22 07:41:09'),(29,'cum','1995-02-23 07:52:45','2020-07-04 14:28:37'),(30,'est','2005-05-04 20:17:49','1991-01-30 03:49:48'),(31,'autem','1979-08-12 23:49:36','1981-04-21 14:46:08'),(32,'dolorem','2017-12-17 12:08:22','1977-06-15 04:55:20'),(33,'deleniti','2011-12-17 03:26:58','2003-07-13 06:21:56'),(34,'consectetur','1999-04-17 05:07:37','2007-07-03 16:19:41'),(35,'assumenda','2008-04-11 21:08:29','2004-07-10 00:45:09'),(36,'fugiat','2010-11-26 17:19:09','2020-08-01 19:55:25'),(37,'blanditiis','1978-12-16 02:36:42','1994-01-20 22:40:30'),(38,'beatae','2016-12-26 02:26:35','1985-05-09 14:41:59'),(39,'alias','1970-06-07 05:58:41','2011-05-31 04:34:33'),(40,'dolore','1972-02-04 08:02:09','2008-04-24 12:40:47'),(41,'ipsam','1990-07-25 05:12:09','1973-01-01 03:28:06'),(42,'rem','1970-01-22 14:59:52','1978-08-19 19:28:33'),(43,'vel','2016-07-02 17:44:47','2008-06-16 19:29:19'),(44,'labore','2000-11-05 14:54:36','1987-10-01 04:25:39'),(45,'magnam','1996-12-16 04:39:11','2000-02-16 13:02:07'),(46,'molestiae','2001-01-07 00:25:58','1998-04-19 16:08:28'),(47,'rerum','1971-11-24 20:46:22','2013-09-28 08:04:40'),(48,'exercitationem','1988-08-18 00:42:27','1990-10-19 17:56:25'),(49,'sed','1984-07-06 13:55:51','1981-04-12 20:30:59'),(50,'aut','1997-05-29 00:24:04','2005-12-05 01:29:00'),(51,'laboriosam','1978-12-31 07:46:33','2019-10-06 23:23:07'),(52,'ut','2000-12-03 20:14:22','1995-08-21 07:33:14'),(53,'ratione','1974-03-18 09:06:31','2015-10-12 20:52:14'),(54,'voluptatum','2009-08-20 04:29:33','2013-07-31 17:50:26'),(55,'ipsum','2004-12-10 09:53:22','2000-06-12 01:29:32'),(56,'quia','2004-09-10 06:00:40','1999-02-25 04:00:23'),(57,'sunt','2015-12-23 09:00:49','1979-08-03 22:14:48'),(58,'maxime','1999-11-01 05:09:44','1980-09-14 06:10:42'),(59,'quis','1995-07-03 15:24:22','1998-10-07 16:01:04'),(60,'ad','2013-10-10 20:23:28','2006-04-07 13:47:10'),(61,'ullam','2011-07-18 10:36:40','2014-08-13 05:56:13'),(62,'non','2004-03-10 20:48:54','2012-02-13 00:02:43'),(63,'hic','1984-08-01 04:05:11','1973-05-24 06:21:06'),(64,'architecto','1992-04-16 02:01:34','1982-11-20 01:13:23'),(65,'ipsa','1980-07-19 23:24:48','1999-01-13 10:29:33'),(66,'sit','2018-02-26 20:47:28','1983-07-22 15:26:54'),(67,'impedit','1990-12-02 05:51:16','1995-05-23 11:52:42'),(68,'accusamus','1981-02-04 19:24:15','1998-10-23 14:54:13'),(69,'voluptatem','1995-11-23 08:29:25','1978-09-30 18:48:31'),(70,'enim','2014-05-11 01:56:39','2009-07-02 03:37:28'),(71,'nostrum','2011-01-10 10:46:23','2006-02-05 05:39:53'),(72,'officia','2001-09-01 21:46:10','2011-02-15 01:30:51'),(73,'neque','1986-11-07 02:51:22','1992-04-23 19:46:16'),(74,'distinctio','1983-04-22 12:51:20','1997-02-21 05:40:17'),(75,'sint','1992-09-21 02:15:34','1974-07-09 17:45:10'),(76,'suscipit','1973-01-16 18:51:04','1973-08-16 07:55:34'),(77,'eum','1978-04-30 18:04:47','2014-07-22 16:20:30'),(78,'id','2011-04-06 19:31:38','2005-09-24 02:31:09'),(79,'quas','1970-03-25 17:27:37','2008-06-29 14:07:26'),(80,'repellendus','1988-05-27 15:54:39','2019-06-21 06:21:27'),(81,'occaecati','2012-12-01 20:48:31','1974-05-20 13:21:11'),(82,'culpa','1984-04-24 10:27:11','2014-07-25 15:11:50'),(83,'minima','2014-10-20 03:33:06','1971-07-27 11:54:43'),(84,'inventore','1999-05-25 14:51:45','2007-09-18 00:02:59'),(85,'eos','1995-09-02 12:28:43','2008-11-25 04:22:12'),(86,'debitis','1977-05-22 01:51:58','2006-04-15 13:26:45'),(87,'placeat','2016-02-27 16:43:47','1971-03-26 08:00:55'),(88,'perferendis','1980-08-11 02:41:02','1997-08-07 03:48:44'),(89,'animi','1979-07-24 18:44:30','2003-01-04 03:07:35'),(90,'similique','2005-01-02 15:23:06','1999-05-17 17:49:23'),(91,'quo','2016-11-30 20:46:41','1984-09-29 00:35:12'),(92,'illo','2013-03-19 21:15:43','1982-09-06 04:12:55'),(93,'ducimus','2004-11-13 19:36:22','1972-06-28 21:47:44'),(94,'dolores','1972-05-31 07:24:00','1980-10-01 05:04:34'),(95,'accusantium','2013-08-11 17:47:57','2008-04-10 20:03:16'),(96,'explicabo','1973-04-29 16:12:38','1972-11-14 04:59:49'),(97,'adipisci','1972-01-05 01:52:26','1972-03-19 01:05:05'),(98,'quibusdam','1989-07-30 17:29:08','1972-01-10 12:28:11'),(99,'corrupti','2009-05-21 22:48:34','1973-06-04 17:03:42'),(100,'ea','1999-03-29 00:32:29','2012-10-14 01:54:34');
/*!40000 ALTER TABLE `communities` ENABLE KEYS */;
UNLOCK TABLES;

--
-- Table structure for table `communities_users`
--

DROP TABLE IF EXISTS `communities_users`;
/*!40101 SET @saved_cs_client     = @@character_set_client */;
/*!40101 SET character_set_client = utf8 */;
CREATE TABLE `communities_users` (
  `community_id` int unsigned NOT NULL COMMENT 'Ссылка на группу',
  `user_id` int unsigned NOT NULL COMMENT 'Ссылка на пользователя',
  `created_at` datetime DEFAULT CURRENT_TIMESTAMP COMMENT 'Время создания строки',
  PRIMARY KEY (`community_id`,`user_id`) COMMENT 'Составной первичный ключ'
) ENGINE=InnoDB DEFAULT CHARSET=utf8 COLLATE=utf8_unicode_ci COMMENT='Участники групп, связь между пользователями и группами';
/*!40101 SET character_set_client = @saved_cs_client */;

--
-- Dumping data for table `communities_users`
--

LOCK TABLES `communities_users` WRITE;
/*!40000 ALTER TABLE `communities_users` DISABLE KEYS */;
INSERT INTO `communities_users` VALUES (1,1,'1974-02-01 02:09:48'),(2,2,'1976-06-06 17:13:48'),(3,3,'2001-12-14 00:36:58'),(4,4,'2009-11-04 12:26:46'),(5,5,'1989-07-10 14:13:56'),(6,6,'1982-03-15 10:02:02'),(7,7,'1995-08-15 03:41:19'),(8,8,'2011-01-16 05:20:14'),(9,9,'2003-07-26 12:56:16'),(10,10,'1991-10-22 23:39:09'),(11,11,'1981-06-05 03:52:07'),(12,12,'2014-01-03 12:56:12'),(13,13,'1978-10-25 13:46:47'),(14,14,'1997-04-18 19:05:06'),(15,15,'2002-05-27 08:11:42'),(16,16,'2000-10-19 09:26:18'),(17,17,'2019-11-22 22:01:07'),(18,18,'1985-07-04 16:40:30'),(19,19,'1987-10-01 18:04:30'),(20,20,'1971-12-22 03:11:21'),(21,21,'2019-11-15 21:59:51'),(22,22,'1985-09-06 15:52:33'),(23,23,'1985-05-09 03:12:24'),(24,24,'2000-05-22 04:13:19'),(25,25,'2015-04-30 01:31:18'),(26,26,'1990-02-13 13:53:45'),(27,27,'2004-07-29 04:46:52'),(28,28,'1972-03-11 05:48:24'),(29,29,'2002-07-11 01:27:26'),(30,30,'1996-11-19 23:46:26'),(31,31,'2001-07-10 04:24:28'),(32,32,'1997-09-16 23:56:15'),(33,33,'1980-10-29 21:50:57'),(34,34,'1994-04-19 13:41:20'),(35,35,'2013-01-21 13:41:02'),(36,36,'1989-05-16 03:25:08'),(37,37,'2007-08-30 16:09:16'),(38,38,'2003-08-08 12:48:10'),(39,39,'1981-06-25 09:37:49'),(40,40,'2011-04-07 09:37:53'),(41,41,'1978-05-12 15:47:28'),(42,42,'1991-02-20 12:45:13'),(43,43,'2005-06-26 20:51:44'),(44,44,'2012-03-30 12:29:23'),(45,45,'1989-05-31 06:41:38'),(46,46,'1996-06-14 16:13:18'),(47,47,'1982-11-05 15:39:23'),(48,48,'1998-10-23 07:55:58'),(49,49,'2013-05-26 02:33:42'),(50,50,'2010-04-07 20:19:16'),(51,51,'1998-06-27 03:13:06'),(52,52,'2015-03-14 11:18:15'),(53,53,'1980-12-17 13:44:50'),(54,54,'2010-03-29 09:44:22'),(55,55,'1993-02-24 23:36:39'),(56,56,'1978-03-14 05:40:36'),(57,57,'2005-03-29 10:11:01'),(58,58,'1998-08-16 10:50:15'),(59,59,'2014-06-12 22:19:55'),(60,60,'2007-06-25 20:14:18'),(61,61,'2018-12-11 14:56:54'),(62,62,'1970-09-22 19:04:28'),(63,63,'2007-11-10 12:11:13'),(64,64,'2019-05-31 07:33:19'),(65,65,'2003-07-30 15:09:11'),(66,66,'2009-08-08 20:37:42'),(67,67,'1998-09-05 14:50:54'),(68,68,'2003-08-12 19:54:17'),(69,69,'1970-07-23 12:56:32'),(70,70,'1985-06-21 18:59:22'),(71,71,'1999-09-12 14:38:04'),(72,72,'1988-03-27 22:19:11'),(73,73,'2000-03-27 21:37:39'),(74,74,'2011-11-23 19:40:23'),(75,75,'1988-06-09 10:02:48'),(76,76,'1992-07-14 11:09:33'),(77,77,'1974-06-13 17:51:51'),(78,78,'1996-11-15 13:09:22'),(79,79,'2003-11-09 01:17:58'),(80,80,'1997-05-25 05:45:59'),(81,81,'1986-08-11 16:43:25'),(82,82,'1983-06-08 08:42:41'),(83,83,'1998-03-18 11:11:48'),(84,84,'2016-11-12 13:49:38'),(85,85,'1992-08-08 20:38:51'),(86,86,'1995-08-01 03:10:51'),(87,87,'1990-02-17 14:59:21'),(88,88,'1971-12-22 22:50:03'),(89,89,'1980-09-01 04:47:51'),(90,90,'1973-03-01 01:37:19'),(91,91,'1995-08-01 19:23:57'),(92,92,'1990-03-08 19:09:28'),(93,93,'2004-10-30 19:31:41'),(94,94,'1975-11-23 22:59:53'),(95,95,'2009-12-11 12:58:13'),(96,96,'2010-11-26 01:22:36'),(97,97,'2003-09-23 12:12:13'),(98,98,'2009-11-06 13:50:50'),(99,99,'2014-12-05 06:15:51'),(100,100,'1994-01-27 21:10:58');
/*!40000 ALTER TABLE `communities_users` ENABLE KEYS */;
UNLOCK TABLES;

--
-- Table structure for table `friendship`
--

DROP TABLE IF EXISTS `friendship`;
/*!40101 SET @saved_cs_client     = @@character_set_client */;
/*!40101 SET character_set_client = utf8 */;
CREATE TABLE `friendship` (
  `user_id` int unsigned NOT NULL COMMENT 'Ссылка на инициатора дружеских отношений',
  `friend_id` int unsigned NOT NULL COMMENT 'Ссылка на получателя приглашения дружить',
  `status_id` int unsigned NOT NULL COMMENT 'Ссылка на статус (текущее состояние) отношений',
  `requested_at` datetime DEFAULT CURRENT_TIMESTAMP COMMENT 'Время отправления приглашения дружить',
  `confirmed_at` datetime DEFAULT NULL COMMENT 'Время подтверждения приглашения',
  `created_at` datetime DEFAULT CURRENT_TIMESTAMP COMMENT 'Время создания строки',
  `updated_at` datetime DEFAULT CURRENT_TIMESTAMP ON UPDATE CURRENT_TIMESTAMP COMMENT 'Время обновления строки',
  PRIMARY KEY (`user_id`,`friend_id`) COMMENT 'Составной первичный ключ'
) ENGINE=InnoDB DEFAULT CHARSET=utf8 COLLATE=utf8_unicode_ci COMMENT='Таблица дружбы';
/*!40101 SET character_set_client = @saved_cs_client */;

--
-- Dumping data for table `friendship`
--

LOCK TABLES `friendship` WRITE;
/*!40000 ALTER TABLE `friendship` DISABLE KEYS */;
INSERT INTO `friendship` VALUES (1,1,1,'2012-04-02 09:50:40','2008-09-07 18:09:48','1976-10-30 07:52:00','2005-11-17 17:51:47'),(2,2,2,'2006-04-27 19:43:51','2015-02-21 03:11:53','2000-04-19 14:29:12','1970-01-04 14:59:37'),(3,3,3,'2014-10-17 09:22:32','1982-12-03 22:54:09','1970-02-07 13:00:08','1995-01-13 00:58:38'),(4,4,4,'2013-03-14 13:26:56','2018-07-25 10:05:03','2002-09-26 11:15:07','2016-05-28 13:44:06'),(5,5,5,'1995-05-26 20:31:35','1998-10-09 20:09:00','1991-10-21 13:50:48','1970-02-11 08:26:32'),(6,6,6,'1972-05-02 21:34:55','1998-09-26 16:29:27','1990-04-14 13:46:37','2011-09-15 03:28:52'),(7,7,7,'2011-11-30 13:05:48','2015-06-06 16:09:31','1981-11-11 02:55:11','1995-09-27 19:44:22'),(8,8,8,'1986-01-04 22:37:42','1997-07-22 07:21:36','1980-02-08 07:40:15','1983-11-05 17:58:33'),(9,9,9,'2013-09-19 10:14:02','1983-09-01 01:49:37','2006-10-12 13:20:27','1974-06-30 18:14:51'),(10,10,10,'1977-09-25 12:51:29','1982-03-19 09:15:37','2011-04-21 16:34:17','1995-10-28 07:43:08'),(11,11,11,'2012-07-26 21:59:33','2005-09-22 01:55:49','1985-12-28 10:01:39','1993-04-20 11:25:49'),(12,12,12,'1979-01-30 17:38:12','1990-05-11 13:15:12','1991-05-11 06:34:53','1973-03-29 13:33:21'),(13,13,13,'1982-12-21 20:49:49','2019-02-05 13:18:08','2000-04-21 05:04:03','1974-09-14 00:48:42'),(14,14,14,'1994-04-23 17:05:00','2020-10-21 08:58:59','2011-11-06 21:05:14','1984-08-29 18:54:03'),(15,15,15,'2009-06-27 21:50:45','1988-07-20 03:44:49','2018-06-19 10:02:56','1971-09-21 00:31:40'),(16,16,16,'1999-04-25 12:55:11','1978-03-15 21:14:05','1980-05-09 13:08:42','1976-12-11 14:56:03'),(17,17,17,'1985-11-22 09:20:39','1974-12-16 02:54:29','2019-07-08 04:36:52','1978-02-28 23:21:13'),(18,18,18,'1983-05-02 13:15:18','2019-12-27 06:55:38','1972-03-20 23:32:33','1974-10-26 18:57:37'),(19,19,19,'1995-05-18 16:16:53','1983-05-15 02:30:16','2002-06-04 19:53:05','2002-05-16 00:14:44'),(20,20,20,'1976-10-01 06:38:44','1983-03-15 19:02:31','1992-03-28 06:06:34','1975-01-21 04:18:50'),(21,21,21,'2013-01-25 18:54:27','1995-03-30 16:47:11','1993-07-27 15:47:56','2016-11-13 20:02:53'),(22,22,22,'1977-12-12 07:25:01','1982-02-06 16:52:16','1981-08-18 00:28:55','1999-07-09 17:01:52'),(23,23,23,'1989-02-24 17:27:49','2019-08-26 19:43:30','2017-04-02 01:24:21','2012-12-01 22:09:54'),(24,24,24,'2020-11-17 00:57:06','2019-09-10 19:35:58','1981-05-05 13:13:26','1977-04-22 12:58:48'),(25,25,25,'1987-04-08 00:03:50','2013-03-26 14:02:37','1972-07-08 03:08:10','1983-11-15 23:46:01'),(26,26,26,'2002-03-31 04:28:18','1985-09-26 14:38:12','1979-12-08 11:06:13','1988-02-29 14:59:47'),(27,27,27,'2002-07-28 04:11:35','2009-02-23 14:57:52','2000-12-03 00:46:48','2001-06-12 01:26:35'),(28,28,28,'1992-04-27 21:31:28','1971-02-05 13:26:20','1996-04-08 14:02:09','2000-08-19 07:28:42'),(29,29,29,'2003-05-15 18:04:56','1981-03-25 16:38:11','2015-09-02 07:29:48','1999-07-29 14:18:55'),(30,30,30,'1982-05-14 13:18:23','1999-05-07 21:42:30','2016-10-02 12:08:28','1987-02-20 06:35:13'),(31,31,31,'1989-04-18 10:59:32','1993-07-13 15:38:47','2008-01-08 10:02:26','2007-09-14 09:18:21'),(32,32,32,'1989-07-20 20:12:42','1980-05-25 05:45:34','1973-02-24 04:50:35','1986-08-13 05:23:29'),(33,33,33,'2017-10-27 05:31:19','1992-09-08 01:42:04','1970-02-09 14:57:41','2000-06-03 21:49:20'),(34,34,34,'1999-09-03 21:35:01','1992-06-22 11:07:35','1989-12-04 10:28:06','1991-04-15 11:14:13'),(35,35,35,'1975-11-29 07:40:10','1989-11-24 06:19:33','2020-07-23 06:09:03','2017-06-04 13:49:49'),(36,36,36,'1984-07-08 20:39:26','2017-04-27 10:52:12','1978-03-21 07:33:23','1972-05-15 23:18:34'),(37,37,37,'1984-05-07 18:34:12','2007-10-07 02:39:47','2018-10-23 02:08:03','1970-10-23 23:03:43'),(38,38,38,'1970-02-09 01:25:04','1985-06-13 22:15:53','1988-07-01 17:35:04','1986-12-25 10:31:54'),(39,39,39,'2014-10-26 14:37:19','2007-03-13 13:21:59','1997-06-28 17:44:40','2002-07-29 10:58:37'),(40,40,40,'1999-10-23 06:35:16','2015-04-20 20:58:28','2016-07-17 16:31:51','2006-12-24 05:22:28'),(41,41,41,'1998-04-21 14:39:11','2001-02-07 07:49:57','2015-03-27 01:01:33','1996-06-07 09:57:46'),(42,42,42,'1982-11-18 11:13:07','1981-12-24 22:19:05','2009-09-02 20:35:49','2012-07-31 06:04:53'),(43,43,43,'1979-08-16 15:33:09','2015-10-11 06:10:37','1991-09-02 17:03:02','1977-12-20 04:08:59'),(44,44,44,'1970-03-11 02:21:50','2016-08-21 02:29:47','2006-12-28 08:09:41','2015-09-20 17:57:33'),(45,45,45,'1983-11-14 23:23:32','2013-08-26 14:59:10','1982-01-09 17:14:53','1973-09-15 02:40:46'),(46,46,46,'2000-07-08 23:34:26','2009-06-06 19:54:00','1992-10-23 10:21:54','1995-06-24 06:53:09'),(47,47,47,'2011-10-05 09:46:31','1978-11-15 10:26:42','2012-08-12 16:16:37','2016-03-29 18:19:52'),(48,48,48,'1973-03-28 08:53:00','1975-04-25 07:11:39','2009-12-25 12:09:36','1985-07-22 21:58:09'),(49,49,49,'2002-09-19 05:42:03','1975-06-07 13:44:11','1978-11-29 19:02:59','1981-06-26 11:52:47'),(50,50,50,'1977-02-27 02:02:27','1992-04-08 09:13:34','1991-02-04 18:23:22','1990-05-16 04:49:25'),(51,51,51,'2012-07-14 19:55:14','2005-11-23 21:41:25','1994-01-20 04:50:46','2004-01-06 13:32:00'),(52,52,52,'2001-05-02 20:15:15','1978-07-12 05:53:09','2018-02-20 20:19:45','1992-08-21 12:07:31'),(53,53,53,'1974-11-02 03:13:59','2011-01-31 14:55:36','2017-08-11 09:54:58','1993-06-23 18:34:11'),(54,54,54,'1971-10-10 15:51:13','1974-05-19 01:02:45','2008-05-08 18:52:37','2006-06-15 17:47:46'),(55,55,55,'1980-08-30 19:58:00','2015-10-01 09:43:04','1971-05-26 14:32:47','2010-01-27 15:13:34'),(56,56,56,'2007-07-25 22:04:56','1970-08-17 20:48:53','2009-08-16 09:18:52','1974-01-25 13:33:02'),(57,57,57,'2017-12-02 16:56:36','2006-01-12 09:27:49','1991-06-14 13:03:09','2003-07-03 21:55:16'),(58,58,58,'1988-05-21 13:20:19','1985-07-28 21:37:48','1974-02-15 05:52:26','2019-02-10 18:45:24'),(59,59,59,'1988-11-17 14:25:34','1992-12-21 19:08:20','1993-03-14 04:51:23','2000-04-19 00:52:35'),(60,60,60,'1994-03-21 11:17:59','2018-04-02 15:54:57','1987-09-18 03:06:14','2011-01-27 02:22:55'),(61,61,61,'1982-12-14 03:44:58','2018-07-13 09:18:11','1974-04-11 18:50:09','1995-11-24 19:06:40'),(62,62,62,'1983-06-17 00:02:48','1970-10-25 03:51:10','1998-04-07 22:56:26','1979-10-06 01:50:59'),(63,63,63,'1976-11-27 00:15:22','1993-09-10 10:12:58','2009-08-16 22:03:23','1994-12-17 05:36:57'),(64,64,64,'1999-09-04 20:57:04','2002-03-07 06:19:49','2001-07-10 03:21:02','1995-10-24 10:02:42'),(65,65,65,'2004-01-15 14:40:55','1984-10-20 10:14:02','1979-11-02 11:25:59','2003-10-15 02:47:29'),(66,66,66,'1983-07-16 11:54:56','1974-02-08 06:42:03','2001-02-01 08:33:16','1988-12-18 00:37:26'),(67,67,67,'1991-11-27 05:56:07','2016-08-07 10:24:23','1994-06-28 07:36:48','1982-03-03 17:48:33'),(68,68,68,'2016-06-04 09:06:26','1995-01-14 01:45:00','1978-05-09 07:59:51','2005-05-27 07:29:52'),(69,69,69,'1995-11-24 07:16:02','2018-04-14 05:30:54','1986-11-15 06:21:41','1995-05-19 23:43:17'),(70,70,70,'1996-11-20 03:58:44','1970-08-28 18:31:03','2006-11-06 00:52:11','1992-04-10 13:08:53'),(71,71,71,'2010-01-10 00:42:13','1989-02-16 14:43:23','2005-06-07 14:06:52','2018-03-26 18:57:11'),(72,72,72,'2004-12-04 15:52:23','1975-02-20 16:47:44','1995-06-28 15:15:13','2012-12-01 05:59:16'),(73,73,73,'1997-08-21 14:31:46','1990-06-11 10:47:40','1981-11-25 12:08:30','2003-10-12 01:55:12'),(74,74,74,'1989-10-10 21:45:00','2005-06-08 18:33:07','1986-01-06 11:44:59','2018-01-11 07:37:44'),(75,75,75,'1996-11-07 07:53:25','1983-04-20 15:50:12','1999-03-21 17:15:57','1978-08-12 03:47:03'),(76,76,76,'2011-03-12 05:34:54','2017-07-22 17:34:58','1994-09-22 07:29:51','1975-06-01 06:33:56'),(77,77,77,'1970-02-13 15:23:07','2005-04-21 05:45:13','2002-08-31 06:56:47','1999-10-26 04:28:44'),(78,78,78,'1984-09-09 23:59:42','2007-09-03 11:42:27','1984-10-03 04:34:12','1977-11-21 00:23:40'),(79,79,79,'1999-05-03 12:29:17','1988-12-01 06:28:07','1972-05-15 23:35:07','1994-02-08 11:22:54'),(80,80,80,'1983-08-03 04:30:44','1978-06-24 10:26:22','1985-01-09 16:31:52','1971-04-10 11:06:22'),(81,81,81,'2019-01-06 21:22:24','1979-06-14 02:26:51','2016-08-14 10:30:30','1987-12-05 17:51:34'),(82,82,82,'1993-01-26 08:01:50','1999-04-26 17:36:05','2005-05-15 07:39:31','1984-03-26 20:32:52'),(83,83,83,'2010-07-12 19:05:09','1985-03-23 08:45:33','2005-03-19 22:44:56','1976-09-10 17:34:49'),(84,84,84,'2005-01-03 06:11:19','2008-11-01 21:10:38','1989-12-06 03:13:05','1977-02-04 02:19:04'),(85,85,85,'2014-09-17 11:00:40','1996-08-11 11:56:12','1986-06-20 04:24:21','1977-03-24 10:36:19'),(86,86,86,'1985-09-11 20:48:18','1988-12-03 04:25:13','1974-08-28 23:16:34','1989-01-08 20:41:37'),(87,87,87,'1972-09-07 20:53:07','2001-11-04 05:02:59','2015-08-08 11:35:51','2003-03-19 07:23:28'),(88,88,88,'1988-12-03 23:12:44','2001-02-08 13:16:54','1988-08-31 21:20:53','1992-10-09 21:31:18'),(89,89,89,'1999-06-29 13:40:03','2017-01-09 11:00:19','1998-07-07 13:00:02','1974-02-06 23:01:02'),(90,90,90,'2001-10-11 21:03:22','2017-11-23 19:22:00','2016-05-03 03:49:31','2019-11-16 09:36:17'),(91,91,91,'2019-01-22 04:21:45','2004-05-29 15:14:39','1988-10-23 11:05:35','1973-01-07 20:26:16'),(92,92,92,'2013-05-25 13:53:11','1981-04-10 21:13:11','1986-06-07 20:27:50','2015-04-14 10:51:04'),(93,93,93,'1974-04-15 00:59:29','1973-11-26 12:30:38','1990-02-06 20:57:12','2019-11-16 09:27:25'),(94,94,94,'2011-08-06 11:37:45','1991-11-03 05:32:04','1995-09-01 12:28:41','2006-10-31 01:04:59'),(95,95,95,'1977-04-17 04:07:38','2016-03-22 12:35:07','2000-09-16 12:45:44','2018-04-01 01:32:12'),(96,96,96,'2013-06-04 12:20:23','1997-12-15 00:32:24','2019-09-06 08:30:18','1988-04-20 03:29:44'),(97,97,97,'1975-02-02 11:42:09','2011-11-24 04:14:48','1977-09-23 14:12:03','1976-06-08 20:37:44'),(98,98,98,'1988-01-27 17:03:52','2011-11-29 18:22:57','1975-03-24 05:58:28','1979-09-25 16:02:53'),(99,99,99,'1986-11-17 21:20:44','1987-04-16 09:41:18','2004-12-05 12:11:51','2010-11-27 19:53:42'),(100,100,100,'1982-04-19 03:05:35','1986-09-03 11:59:32','1982-12-21 08:18:59','2016-02-18 09:36:30');
/*!40000 ALTER TABLE `friendship` ENABLE KEYS */;
UNLOCK TABLES;

--
-- Table structure for table `friendship_statuses`
--

DROP TABLE IF EXISTS `friendship_statuses`;
/*!40101 SET @saved_cs_client     = @@character_set_client */;
/*!40101 SET character_set_client = utf8 */;
CREATE TABLE `friendship_statuses` (
  `id` int unsigned NOT NULL AUTO_INCREMENT COMMENT 'Идентификатор строки',
  `name` varchar(150) CHARACTER SET utf8 COLLATE utf8_unicode_ci NOT NULL COMMENT 'Название статуса',
  `created_at` datetime DEFAULT CURRENT_TIMESTAMP COMMENT 'Время создания строки',
  `updated_at` datetime DEFAULT CURRENT_TIMESTAMP ON UPDATE CURRENT_TIMESTAMP COMMENT 'Время обновления строки',
  PRIMARY KEY (`id`),
  UNIQUE KEY `name` (`name`)
) ENGINE=InnoDB AUTO_INCREMENT=101 DEFAULT CHARSET=utf8 COLLATE=utf8_unicode_ci COMMENT='Статусы дружбы';
/*!40101 SET character_set_client = @saved_cs_client */;

--
-- Dumping data for table `friendship_statuses`
--

LOCK TABLES `friendship_statuses` WRITE;
/*!40000 ALTER TABLE `friendship_statuses` DISABLE KEYS */;
INSERT INTO `friendship_statuses` VALUES (1,'exercitationem','1994-07-01 17:57:19','2016-02-12 11:43:47'),(2,'repellat','2019-03-05 23:40:15','2015-08-26 03:28:02'),(3,'optio','2007-03-19 06:13:22','1997-10-02 10:15:23'),(4,'et','2007-01-29 02:04:13','1978-08-14 23:20:54'),(5,'veniam','1998-05-10 11:24:59','1992-09-06 07:06:26'),(6,'fugiat','1978-06-29 03:22:13','1988-09-03 05:21:01'),(7,'explicabo','2014-08-09 22:50:55','1981-02-05 12:07:45'),(8,'rerum','2008-01-08 17:25:13','2003-06-17 10:37:06'),(9,'alias','2001-07-11 17:42:59','1983-11-14 00:46:14'),(10,'nulla','2012-06-20 16:19:36','2001-12-24 22:15:43'),(11,'voluptatibus','2001-01-02 03:12:23','2016-02-13 07:07:13'),(12,'libero','1975-05-25 19:37:44','2002-07-04 22:09:01'),(13,'ea','1996-01-28 22:14:33','2013-06-01 06:17:39'),(14,'aut','2003-07-29 23:03:59','1973-08-08 21:04:39'),(15,'laborum','1988-11-11 10:07:25','1997-12-15 00:02:39'),(16,'provident','2016-04-13 18:53:16','1989-06-07 14:53:15'),(17,'quo','2001-05-01 04:09:44','1989-09-02 04:00:36'),(18,'quis','2010-12-30 14:54:03','2014-03-31 15:07:09'),(19,'iusto','2013-05-14 09:24:56','1984-08-18 19:43:40'),(20,'reprehenderit','1996-04-19 14:04:08','1989-08-24 16:24:49'),(21,'est','2011-07-14 23:49:44','2008-01-26 11:35:26'),(22,'dolores','2015-11-23 19:52:29','1980-12-10 05:51:08'),(23,'vero','1993-12-20 21:01:50','1986-06-06 04:16:28'),(24,'similique','1987-09-18 23:50:19','1991-05-28 10:51:07'),(25,'perferendis','1976-02-12 08:36:21','1990-03-15 14:52:01'),(26,'quam','1982-04-20 03:45:11','1997-08-22 08:07:12'),(27,'ex','2011-02-13 16:05:47','2004-01-16 12:56:42'),(28,'tempore','2017-05-26 00:38:45','2016-02-27 10:51:04'),(29,'molestiae','2016-11-21 11:59:22','1976-07-26 02:05:13'),(30,'incidunt','1983-11-27 08:46:33','2001-11-25 17:34:22'),(31,'quos','2010-12-15 11:20:34','1991-08-27 08:40:48'),(32,'quia','1995-11-04 02:42:16','1999-08-11 16:42:14'),(33,'quasi','1976-01-29 10:38:05','1993-02-22 09:04:24'),(34,'tenetur','1987-08-21 06:53:16','2007-02-13 00:57:46'),(35,'laudantium','1996-02-19 17:28:29','1973-05-20 08:50:55'),(36,'ad','1986-12-29 22:54:10','1986-09-14 20:11:41'),(37,'voluptas','1985-01-24 22:35:39','1995-08-19 11:06:41'),(38,'sunt','2012-07-05 19:56:01','1999-11-30 20:36:24'),(39,'a','1999-02-26 20:21:39','2011-05-21 00:28:00'),(40,'porro','1980-01-31 18:30:00','1983-09-13 01:37:16'),(41,'ducimus','2015-08-02 09:47:06','1999-12-18 08:05:54'),(42,'quae','2018-03-08 05:04:41','2016-09-09 18:28:40'),(43,'dolorem','1987-03-26 09:01:25','1975-12-21 16:47:14'),(44,'sequi','2001-06-26 07:00:35','1996-08-24 01:30:59'),(45,'dignissimos','2008-02-06 23:50:41','2000-08-29 15:17:13'),(46,'non','1979-11-16 08:04:40','2014-02-14 10:05:01'),(47,'perspiciatis','1991-11-02 02:55:15','1987-03-13 05:37:30'),(48,'voluptates','1996-02-18 00:10:12','2019-07-17 05:40:31'),(49,'nisi','2008-07-26 18:34:30','1970-06-03 06:59:38'),(50,'corporis','1987-11-03 10:45:27','1986-09-15 06:10:55'),(51,'saepe','1974-03-04 11:11:01','1976-07-06 09:30:41'),(52,'deserunt','2007-03-06 13:11:28','1978-12-01 20:52:24'),(53,'velit','1997-04-29 09:19:53','1996-07-08 15:14:12'),(54,'quaerat','1995-11-14 00:30:48','1971-08-02 18:48:23'),(55,'repudiandae','1993-03-21 07:34:46','2007-04-22 19:15:07'),(56,'in','1999-07-07 10:22:27','1974-05-20 22:18:20'),(57,'ut','2003-10-29 20:53:33','2020-02-13 09:08:30'),(58,'consectetur','1998-05-06 22:17:44','1990-03-31 14:16:18'),(59,'labore','2020-05-04 14:29:02','1996-11-10 22:29:45'),(60,'consequuntur','1976-04-06 14:02:34','2008-01-14 08:28:12'),(61,'vel','2014-10-10 01:27:38','2001-02-13 11:05:34'),(62,'fuga','1980-06-23 18:26:23','2001-09-30 04:07:30'),(63,'eos','2004-04-19 08:41:57','2007-11-07 13:32:23'),(64,'soluta','1976-12-25 12:57:31','2017-08-04 18:54:46'),(65,'excepturi','2006-09-26 00:37:26','1973-04-03 17:51:13'),(66,'natus','1975-07-06 08:46:58','1994-03-17 03:31:00'),(67,'placeat','2001-12-21 22:11:38','1973-09-12 04:54:09'),(68,'necessitatibus','2011-10-06 06:08:03','1989-06-13 22:54:17'),(69,'sed','2001-05-03 16:42:17','1980-12-15 03:01:57'),(70,'expedita','1988-08-18 10:39:53','2010-05-25 13:52:08'),(71,'ullam','2000-06-15 12:00:45','1977-05-14 20:40:39'),(72,'tempora','1970-01-30 01:22:54','1981-04-21 05:10:41'),(73,'cumque','1995-06-13 03:03:22','2015-08-30 00:32:48'),(74,'assumenda','1995-12-30 22:11:50','2003-06-08 22:14:53'),(75,'aliquid','2012-01-07 04:23:19','1986-04-15 03:47:00'),(76,'qui','1987-09-07 20:54:02','1990-06-16 00:04:51'),(77,'enim','1979-01-10 02:45:06','1970-06-22 03:05:21'),(78,'facilis','1976-12-19 01:06:30','2008-03-26 18:59:02'),(79,'ratione','1973-03-08 12:44:04','1998-06-15 01:38:13'),(80,'culpa','1989-08-29 01:28:24','1988-05-01 09:22:09'),(81,'officia','1975-03-16 11:39:20','1982-09-10 10:19:45'),(82,'iure','2002-07-23 00:31:30','1994-03-09 12:15:56'),(83,'adipisci','1991-02-17 11:18:01','2020-12-12 18:44:56'),(84,'autem','1993-11-12 22:34:44','2012-08-30 11:42:05'),(85,'nobis','1988-05-23 05:17:17','1989-09-29 17:27:52'),(86,'maxime','2019-06-21 17:35:34','2017-08-15 08:18:44'),(87,'voluptatum','1984-11-09 18:42:01','1974-02-08 21:47:13'),(88,'nostrum','1984-09-15 06:44:24','2006-06-04 22:28:56'),(89,'harum','1978-10-22 23:08:25','1979-08-21 03:54:14'),(90,'consequatur','2017-12-13 09:51:35','1983-05-06 16:23:29'),(91,'quibusdam','2011-10-27 19:04:35','1995-11-21 15:00:19'),(92,'esse','1996-12-17 02:35:37','2001-12-23 03:03:50'),(93,'commodi','1992-11-29 10:34:51','1980-01-02 10:31:15'),(94,'maiores','2019-02-09 13:07:29','2016-09-20 00:41:25'),(95,'suscipit','1998-04-30 14:00:16','1993-09-01 18:46:01'),(96,'numquam','1986-08-05 01:10:32','2004-06-24 08:10:00'),(97,'nam','1977-07-07 18:59:18','1985-08-27 10:20:31'),(98,'eum','1984-05-09 13:35:45','1999-10-28 14:20:33'),(99,'officiis','2009-06-25 13:10:02','1992-03-09 01:29:00'),(100,'debitis','1970-12-03 19:24:53','2019-07-26 07:35:29');
/*!40000 ALTER TABLE `friendship_statuses` ENABLE KEYS */;
UNLOCK TABLES;

--
-- Table structure for table `media`
--

DROP TABLE IF EXISTS `media`;
/*!40101 SET @saved_cs_client     = @@character_set_client */;
/*!40101 SET character_set_client = utf8 */;
CREATE TABLE `media` (
  `id` int unsigned NOT NULL AUTO_INCREMENT COMMENT 'Идентификатор строки',
  `user_id` int unsigned NOT NULL COMMENT 'Ссылка на пользователя, который загрузил файл',
  `filename` varchar(255) CHARACTER SET utf8 COLLATE utf8_unicode_ci NOT NULL COMMENT 'Путь к файлу',
  `size` int NOT NULL COMMENT 'Размер файла',
  `metadata` longtext CHARACTER SET utf8mb4 COLLATE utf8mb4_bin COMMENT 'Метаданные файла',
  `media_type_id` int unsigned NOT NULL COMMENT 'Ссылка на тип контента',
  `created_at` datetime DEFAULT CURRENT_TIMESTAMP COMMENT 'Время создания строки',
  `updated_at` datetime DEFAULT CURRENT_TIMESTAMP ON UPDATE CURRENT_TIMESTAMP COMMENT 'Время обновления строки',
  PRIMARY KEY (`id`),
  CONSTRAINT `media_chk_1` CHECK (json_valid(`metadata`))
) ENGINE=InnoDB AUTO_INCREMENT=101 DEFAULT CHARSET=utf8 COLLATE=utf8_unicode_ci COMMENT='Медиафайлы';
/*!40101 SET character_set_client = @saved_cs_client */;

--
-- Dumping data for table `media`
--

LOCK TABLES `media` WRITE;
/*!40000 ALTER TABLE `media` DISABLE KEYS */;
INSERT INTO `media` VALUES (1,1,'distinctio',42,NULL,2,'2009-02-09 18:11:49','2005-06-17 09:30:21'),(2,2,'veniam',796632818,NULL,5,'1988-07-07 03:29:20','1971-12-23 14:29:39'),(3,3,'debitis',65045,NULL,8,'1999-08-30 01:11:08','2011-05-27 18:21:52'),(4,4,'nihil',0,NULL,4,'2008-04-03 10:00:50','2006-09-04 02:08:18'),(5,5,'aut',58951289,NULL,7,'1976-07-05 20:25:51','1991-07-15 20:54:15'),(6,6,'quis',50,NULL,7,'2004-12-15 20:26:19','2003-08-14 09:12:46'),(7,7,'enim',591839862,NULL,4,'1971-03-29 05:45:49','1989-03-07 23:23:11'),(8,8,'modi',97043925,NULL,7,'1999-05-01 13:06:54','1998-12-09 03:21:26'),(9,9,'voluptatem',0,NULL,3,'2001-09-10 18:30:16','1981-11-30 04:53:58'),(10,10,'non',5,NULL,2,'2005-03-22 12:51:22','2009-08-12 04:13:00'),(11,11,'unde',20,NULL,3,'1994-01-28 18:32:45','2013-12-28 15:38:40'),(12,12,'accusamus',303918,NULL,9,'2008-09-27 22:51:35','1995-05-13 07:47:53'),(13,13,'maiores',0,NULL,3,'2018-07-18 12:25:59','2019-05-07 03:07:13'),(14,14,'beatae',91921094,NULL,5,'1986-03-16 03:38:40','1982-12-18 09:15:58'),(15,15,'corrupti',4,NULL,2,'2020-08-08 15:22:08','1991-07-11 13:19:57'),(16,16,'rerum',4,NULL,9,'2003-05-31 06:52:53','2004-08-07 12:44:29'),(17,17,'fuga',99650,NULL,7,'1982-09-28 21:02:42','1975-02-16 03:53:07'),(18,18,'doloribus',48727055,NULL,3,'2006-07-26 10:26:44','1971-03-28 13:14:18'),(19,19,'consequuntur',5,NULL,8,'2003-07-31 22:04:32','2012-04-26 11:36:40'),(20,20,'architecto',6,NULL,7,'2007-03-06 02:41:10','1971-03-04 08:21:03'),(21,21,'repudiandae',44879047,NULL,4,'1992-12-11 13:21:57','1975-07-01 11:19:28'),(22,22,'excepturi',629702,NULL,6,'1974-03-03 00:50:06','1992-12-13 13:23:28'),(23,23,'itaque',1621,NULL,3,'2002-06-05 09:32:42','1975-10-01 12:52:35'),(24,24,'aliquam',34105611,NULL,8,'2004-11-01 15:29:11','1998-08-03 03:59:06'),(25,25,'iusto',16,NULL,9,'2007-03-23 18:16:32','1990-03-22 14:16:52'),(26,26,'quaerat',43778199,NULL,9,'1997-07-23 18:20:45','2014-10-14 11:11:09'),(27,27,'pariatur',1829787,NULL,2,'2014-09-18 10:10:33','2004-05-21 01:09:55'),(28,28,'illo',727,NULL,8,'1989-06-09 19:04:55','1991-03-13 14:44:29'),(29,29,'quia',332673526,NULL,3,'1996-08-19 21:18:35','1995-07-29 10:17:12'),(30,30,'id',0,NULL,3,'1971-02-07 13:47:48','2006-02-25 14:02:11'),(31,31,'accusamus',1,NULL,6,'2004-08-05 09:58:46','1984-04-18 21:38:38'),(32,32,'reiciendis',43049,NULL,5,'2015-02-14 04:36:36','2002-03-05 04:18:11'),(33,33,'laudantium',135561808,NULL,4,'2002-09-27 15:07:46','1991-10-10 17:52:35'),(34,34,'id',64518,NULL,5,'1979-02-03 22:09:00','2009-07-07 15:24:44'),(35,35,'fugiat',183,NULL,2,'1997-01-12 05:07:19','1975-10-05 17:20:55'),(36,36,'tenetur',81,NULL,1,'2008-10-24 18:06:21','2007-10-14 10:18:57'),(37,37,'omnis',0,NULL,8,'1989-04-30 02:51:34','2017-11-10 02:07:18'),(38,38,'libero',97921,NULL,7,'2005-11-05 18:26:03','2001-09-12 11:36:04'),(39,39,'eligendi',6,NULL,7,'2020-10-29 15:36:01','2011-02-17 19:21:04'),(40,40,'neque',94,NULL,7,'2008-03-13 14:25:26','1988-03-20 19:34:39'),(41,41,'facilis',0,NULL,4,'1973-01-10 01:11:48','1977-04-08 17:48:01'),(42,42,'voluptatem',78310,NULL,9,'1996-04-30 09:28:53','2006-04-12 21:02:52'),(43,43,'error',99,NULL,9,'1984-03-02 04:42:03','2010-05-17 00:09:42'),(44,44,'fugit',8475,NULL,7,'2000-08-24 23:30:05','2000-11-12 05:08:52'),(45,45,'accusamus',40197080,NULL,3,'1993-01-11 16:16:49','1973-12-22 21:58:03'),(46,46,'in',691094958,NULL,4,'2001-09-12 10:19:08','1975-01-01 23:49:40'),(47,47,'ut',5,NULL,8,'1980-02-11 07:21:08','2002-05-24 13:05:41'),(48,48,'sint',27435230,NULL,7,'1995-04-15 02:07:46','2000-02-24 01:06:04'),(49,49,'voluptatum',682,NULL,7,'2001-11-02 19:03:21','1997-05-31 04:49:03'),(50,50,'dolor',72798,NULL,7,'1978-04-12 14:28:33','1973-10-22 09:47:57'),(51,51,'molestiae',7,NULL,5,'2005-11-09 13:54:15','1993-01-25 02:22:33'),(52,52,'consequatur',0,NULL,5,'2007-10-30 12:16:40','1990-02-04 05:26:01'),(53,53,'est',0,NULL,8,'1973-06-14 03:37:14','1976-10-08 01:41:31'),(54,54,'aut',39875789,NULL,8,'1994-05-22 02:08:08','2012-10-12 11:50:46'),(55,55,'consequatur',7,NULL,3,'1987-08-01 01:32:21','1984-04-09 11:45:30'),(56,56,'aperiam',956,NULL,2,'1996-03-15 06:20:01','1983-11-13 06:48:29'),(57,57,'at',5214,NULL,3,'2020-11-27 12:29:06','1990-03-15 05:51:26'),(58,58,'laborum',0,NULL,2,'2008-09-24 23:58:18','1978-10-20 05:16:03'),(59,59,'modi',0,NULL,4,'1985-04-20 11:38:49','2006-10-19 00:05:31'),(60,60,'rerum',0,NULL,5,'2011-05-05 03:50:19','2009-10-10 22:38:32'),(61,61,'quisquam',60,NULL,6,'1993-03-07 22:14:20','1975-04-21 12:30:35'),(62,62,'quas',505806,NULL,9,'1993-11-09 03:23:20','2006-03-15 07:07:56'),(63,63,'sit',80225,NULL,6,'1998-05-12 18:27:16','1991-02-10 21:19:21'),(64,64,'et',3602,NULL,1,'1983-08-17 11:45:14','2019-06-04 09:29:57'),(65,65,'magnam',61,NULL,6,'1999-09-16 20:57:40','2013-01-17 17:58:56'),(66,66,'et',9873017,NULL,6,'1971-08-05 19:59:14','2008-01-31 02:33:56'),(67,67,'aliquam',753166998,NULL,2,'2006-01-29 20:22:15','2013-10-23 09:19:11'),(68,68,'eos',811,NULL,7,'1971-01-28 17:50:13','1973-04-07 15:59:54'),(69,69,'placeat',521513,NULL,2,'1996-09-03 16:04:28','1991-10-04 15:27:15'),(70,70,'amet',689201,NULL,5,'1971-10-18 04:42:32','2005-03-07 02:11:32'),(71,71,'et',708,NULL,6,'1989-12-24 07:05:55','1978-11-22 23:51:42'),(72,72,'qui',95,NULL,4,'1983-09-13 01:03:05','2016-03-24 16:59:44'),(73,73,'qui',80260,NULL,4,'2017-11-29 09:32:53','2016-01-16 02:11:38'),(74,74,'omnis',687114,NULL,4,'1992-06-03 17:36:25','1999-11-07 14:03:10'),(75,75,'nemo',6,NULL,9,'2018-05-02 13:58:33','1975-05-15 03:31:07'),(76,76,'quidem',80259,NULL,8,'2007-07-07 03:01:41','2006-12-12 18:36:33'),(77,77,'facilis',3334,NULL,4,'1971-08-11 06:05:50','1985-09-27 15:22:59'),(78,78,'dolorum',977134,NULL,3,'1996-06-21 13:09:01','1999-12-18 16:14:32'),(79,79,'minima',897808359,NULL,7,'1990-05-23 05:36:18','1973-06-04 04:23:16'),(80,80,'esse',795380,NULL,1,'2017-02-11 09:01:35','1990-04-30 00:53:28'),(81,81,'dolorem',46600793,NULL,4,'2014-10-09 11:59:34','1970-06-18 18:17:01'),(82,82,'magni',995783801,NULL,9,'1970-08-16 11:57:36','1972-10-29 22:01:32'),(83,83,'excepturi',3,NULL,1,'2001-11-10 22:08:59','1972-02-08 19:18:12'),(84,84,'facilis',3187055,NULL,1,'1993-08-12 00:10:07','2007-06-19 04:54:19'),(85,85,'quibusdam',10,NULL,9,'2010-01-12 12:38:42','1992-09-28 06:17:07'),(86,86,'laborum',388948808,NULL,1,'1991-03-01 08:25:31','2012-04-23 03:22:57'),(87,87,'aut',798284,NULL,9,'2010-07-16 03:24:01','1985-02-20 07:10:52'),(88,88,'placeat',5502,NULL,5,'1989-02-07 16:36:10','2000-04-26 08:23:27'),(89,89,'possimus',5638,NULL,6,'1979-03-06 03:19:17','1985-07-11 23:39:40'),(90,90,'sequi',7357,NULL,8,'2016-06-26 10:45:55','2020-09-03 15:45:46'),(91,91,'exercitationem',6202488,NULL,9,'1979-10-15 10:41:50','1988-02-22 23:04:55'),(92,92,'repellat',938361,NULL,5,'1989-03-08 16:31:18','2012-07-31 14:26:07'),(93,93,'doloribus',969492938,NULL,4,'2010-11-04 15:26:04','2014-09-04 15:48:33'),(94,94,'numquam',3,NULL,6,'1990-12-26 20:30:14','1996-06-01 06:51:56'),(95,95,'tempore',6947,NULL,9,'1990-04-19 15:30:51','1987-01-20 01:16:51'),(96,96,'natus',621099663,NULL,2,'1989-07-27 23:38:00','2005-06-22 08:02:31'),(97,97,'quia',186,NULL,5,'1973-12-29 04:33:33','1987-09-06 21:28:17'),(98,98,'et',0,NULL,9,'2020-10-17 20:01:33','1988-10-11 05:35:06'),(99,99,'quibusdam',925,NULL,4,'1997-09-28 03:52:16','1994-12-15 12:48:54'),(100,100,'ut',0,NULL,6,'1982-09-08 05:39:00','2003-12-15 01:16:19');
/*!40000 ALTER TABLE `media` ENABLE KEYS */;
UNLOCK TABLES;

--
-- Table structure for table `media_types`
--

DROP TABLE IF EXISTS `media_types`;
/*!40101 SET @saved_cs_client     = @@character_set_client */;
/*!40101 SET character_set_client = utf8 */;
CREATE TABLE `media_types` (
  `id` int unsigned NOT NULL AUTO_INCREMENT COMMENT 'Идентификатор строки',
  `name` varchar(255) CHARACTER SET utf8 COLLATE utf8_unicode_ci NOT NULL COMMENT 'Название типа',
  `created_at` datetime DEFAULT CURRENT_TIMESTAMP COMMENT 'Время создания строки',
  `updated_at` datetime DEFAULT CURRENT_TIMESTAMP ON UPDATE CURRENT_TIMESTAMP COMMENT 'Время обновления строки',
  PRIMARY KEY (`id`),
  UNIQUE KEY `name` (`name`)
) ENGINE=InnoDB AUTO_INCREMENT=101 DEFAULT CHARSET=utf8 COLLATE=utf8_unicode_ci COMMENT='Типы медиафайлов';
/*!40101 SET character_set_client = @saved_cs_client */;

--
-- Dumping data for table `media_types`
--

LOCK TABLES `media_types` WRITE;
/*!40000 ALTER TABLE `media_types` DISABLE KEYS */;
INSERT INTO `media_types` VALUES (1,'non','2019-04-09 23:14:08','1994-03-05 06:24:01'),(2,'aut','2013-12-27 17:58:20','1973-09-14 12:40:19'),(3,'doloremque','2008-05-27 20:48:27','1994-01-05 16:06:24'),(4,'quos','2006-03-14 19:33:10','1979-02-14 23:19:49'),(5,'voluptatem','1980-02-16 00:26:09','1970-08-21 04:12:22'),(6,'assumenda','1996-08-10 08:13:19','1971-07-06 11:34:13'),(7,'est','2003-02-03 20:37:08','1970-01-15 12:45:03'),(8,'provident','2011-01-12 04:31:08','2011-05-22 05:15:09'),(9,'in','1971-11-08 02:59:14','2005-12-17 15:11:44'),(10,'dolorum','2001-10-12 23:45:21','2011-11-02 18:44:20'),(11,'velit','2003-12-10 08:11:37','1985-09-11 16:46:08'),(12,'placeat','1995-07-27 09:25:00','2010-07-29 07:48:21'),(13,'quod','1978-09-03 07:13:37','1984-04-30 03:54:31'),(14,'et','1972-06-20 03:01:31','1998-05-30 15:46:42'),(15,'quo','2017-07-25 19:29:22','2011-01-20 06:24:27'),(16,'error','2018-12-21 19:56:30','2020-09-07 11:47:01'),(17,'ratione','2007-10-23 12:04:59','1970-06-16 13:50:38'),(18,'amet','1980-08-23 00:53:43','1970-09-19 20:19:37'),(19,'sunt','1978-08-29 12:32:09','1972-09-01 07:48:04'),(20,'dolores','1993-07-28 06:00:11','1993-02-04 03:03:40'),(21,'culpa','2009-08-27 07:13:44','2016-08-04 02:33:02'),(22,'nulla','1995-06-10 21:30:39','1977-07-11 08:38:10'),(23,'facilis','2001-12-30 12:58:42','1972-07-01 08:13:53'),(24,'neque','2007-06-13 15:46:01','1979-05-24 00:06:14'),(25,'vitae','2020-05-19 15:02:52','1996-12-15 13:47:59'),(26,'recusandae','1972-10-01 01:59:37','1988-06-13 14:16:55'),(27,'accusantium','1983-03-09 11:35:47','2018-09-18 01:33:36'),(28,'itaque','1980-11-04 21:58:55','1985-09-17 15:34:35'),(29,'omnis','2003-05-03 13:50:05','2000-03-11 03:36:47'),(30,'earum','1999-11-14 00:44:48','1994-10-28 15:10:33'),(31,'officiis','1986-04-25 13:13:48','1986-06-14 17:03:35'),(32,'rerum','1978-09-28 08:58:06','1994-05-05 07:53:49'),(33,'cumque','1973-07-27 00:26:51','1973-02-12 10:15:12'),(34,'nemo','1982-06-11 10:56:26','2003-06-25 18:04:44'),(35,'impedit','1991-12-21 17:00:16','2011-04-03 12:07:30'),(36,'magni','2018-02-08 13:30:18','2006-03-16 19:51:07'),(37,'ut','2009-12-19 08:13:59','2015-06-01 15:55:51'),(38,'nesciunt','1989-04-04 10:17:24','2003-11-04 19:24:50'),(39,'exercitationem','2009-10-02 19:27:02','1998-08-02 16:33:46'),(40,'animi','2000-05-18 15:23:20','1996-06-25 15:30:35'),(41,'ex','1982-08-30 07:41:24','2002-08-02 00:02:20'),(42,'harum','1980-03-28 21:36:01','2014-06-09 23:59:15'),(43,'qui','1996-09-01 18:19:42','2005-07-19 06:34:13'),(44,'quas','1987-10-01 16:21:47','1979-08-25 10:57:10'),(45,'dolor','1987-02-27 15:54:40','1981-10-22 06:14:21'),(46,'enim','1990-10-03 12:27:04','2005-06-04 13:39:14'),(47,'necessitatibus','1992-10-19 08:19:54','1999-06-13 10:00:26'),(48,'sint','2005-03-17 02:35:44','1983-07-23 10:48:30'),(49,'tempora','2002-09-16 20:54:46','2011-11-15 10:35:33'),(50,'corporis','1990-03-23 13:49:17','2009-08-26 06:57:10'),(51,'similique','1979-02-10 09:07:57','1995-07-28 03:03:33'),(52,'accusamus','1973-04-18 20:49:34','2004-02-08 17:58:19'),(53,'aliquam','2012-03-11 12:20:41','1981-03-17 16:15:28'),(54,'eius','1997-05-17 20:11:49','2018-10-22 12:14:38'),(55,'repudiandae','1979-02-16 12:06:06','1993-06-08 05:42:04'),(56,'deserunt','2011-11-10 07:24:56','1999-02-22 17:29:05'),(57,'blanditiis','2011-04-02 19:36:27','2020-10-23 01:37:19'),(58,'rem','2004-11-21 23:10:11','1970-11-24 16:42:38'),(59,'eos','1981-07-24 18:57:46','1997-07-14 12:11:17'),(60,'numquam','1986-11-08 04:42:46','1991-01-29 10:14:28'),(61,'quasi','2001-04-19 18:51:49','1982-12-13 19:03:14'),(62,'dolore','2016-12-01 22:47:55','1990-08-13 00:38:56'),(63,'quia','1981-09-13 15:49:41','2008-11-25 12:32:57'),(64,'ipsa','1983-02-19 06:00:04','1992-04-11 03:01:54'),(65,'atque','1972-02-28 21:28:54','2000-02-27 05:35:29'),(66,'libero','2009-02-09 12:05:58','2008-12-23 01:43:56'),(67,'natus','2014-05-21 16:55:28','2016-06-03 22:59:40'),(68,'facere','1978-05-31 09:29:44','2002-08-05 02:31:45'),(69,'cum','2011-06-15 01:37:19','1985-04-24 09:13:25'),(70,'sed','1997-06-10 08:36:32','1980-12-11 23:13:55'),(71,'dicta','1997-01-12 01:04:45','1983-09-08 11:33:45'),(72,'laudantium','1986-07-03 01:59:01','2007-02-04 08:36:20'),(73,'sapiente','2017-10-12 16:48:34','1987-09-11 15:05:56'),(74,'nam','2015-02-13 12:57:51','1970-09-22 23:41:46'),(75,'nihil','1993-04-19 02:16:56','1970-09-18 14:59:58'),(76,'modi','1986-12-22 05:31:33','2009-10-26 14:56:02'),(77,'quis','1990-08-11 02:30:44','1978-07-08 19:28:07'),(78,'sit','2007-06-17 22:58:52','1988-10-28 01:51:53'),(79,'odit','2011-09-19 14:54:19','1970-11-02 19:45:08'),(80,'possimus','1974-05-25 14:04:27','1995-05-19 21:54:27'),(81,'illum','2019-12-02 21:54:32','1992-10-22 03:19:56'),(82,'aliquid','1970-01-04 09:10:51','1997-12-27 04:59:56'),(83,'aspernatur','2003-11-13 22:03:06','2006-04-16 06:53:07'),(84,'perferendis','1989-06-24 22:55:33','1982-02-16 20:13:23'),(85,'ea','1980-08-28 21:41:06','2007-12-19 12:56:05'),(86,'consequuntur','2015-04-02 11:00:54','1999-09-17 02:36:49'),(87,'quisquam','1986-06-21 18:48:12','1995-02-09 23:39:38'),(88,'porro','1997-05-01 06:54:02','1991-07-15 13:43:25'),(89,'reprehenderit','1988-06-18 13:51:54','1977-12-11 22:33:12'),(90,'minus','2010-05-04 19:30:01','1995-05-27 16:40:32'),(91,'quae','1993-11-10 08:23:35','1989-01-04 05:37:54'),(92,'maiores','2006-05-22 15:43:15','2012-06-25 16:54:33'),(93,'delectus','1973-02-26 05:37:41','1973-05-29 22:39:13'),(94,'beatae','1993-04-02 16:30:06','2006-03-27 21:45:09'),(95,'quam','2017-01-24 06:51:48','1979-08-09 16:05:19'),(96,'autem','1998-11-04 09:02:59','2016-07-10 11:42:07'),(97,'fugiat','1993-08-26 14:15:28','1976-12-26 03:39:58'),(98,'quibusdam','2016-07-07 21:02:32','1998-07-25 14:30:24'),(99,'consectetur','2018-04-28 02:59:51','1979-04-28 19:48:22'),(100,'quidem','2000-01-26 21:27:35','2006-11-10 14:34:47');
/*!40000 ALTER TABLE `media_types` ENABLE KEYS */;
UNLOCK TABLES;

--
-- Table structure for table `messages`
--

DROP TABLE IF EXISTS `messages`;
/*!40101 SET @saved_cs_client     = @@character_set_client */;
/*!40101 SET character_set_client = utf8 */;
CREATE TABLE `messages` (
  `id` int unsigned NOT NULL AUTO_INCREMENT COMMENT 'Идентификатор строки',
  `from_user_id` int unsigned NOT NULL COMMENT 'Ссылка на отправителя сообщения',
  `to_user_id` int unsigned NOT NULL COMMENT 'Ссылка на получателя сообщения',
  `body` text CHARACTER SET utf8 COLLATE utf8_unicode_ci NOT NULL COMMENT 'Текст сообщения',
  `is_important` tinyint(1) DEFAULT NULL COMMENT 'Признак важности',
  `is_delivered` tinyint(1) DEFAULT NULL COMMENT 'Признак доставки',
  `created_at` datetime DEFAULT CURRENT_TIMESTAMP COMMENT 'Время создания строки',
  `updated_at` datetime DEFAULT CURRENT_TIMESTAMP ON UPDATE CURRENT_TIMESTAMP COMMENT 'Время обновления строки',
  PRIMARY KEY (`id`)
) ENGINE=InnoDB AUTO_INCREMENT=101 DEFAULT CHARSET=utf8 COLLATE=utf8_unicode_ci COMMENT='Сообщения';
/*!40101 SET character_set_client = @saved_cs_client */;

--
-- Dumping data for table `messages`
--

LOCK TABLES `messages` WRITE;
/*!40000 ALTER TABLE `messages` DISABLE KEYS */;
INSERT INTO `messages` VALUES (1,1,1,'Tempora et voluptatem omnis consequatur iure. Aut accusamus aut non velit voluptas. Qui eaque architecto accusamus perferendis consequatur laudantium. Unde dolore totam ab consectetur non rem.',0,1,'2007-06-07 12:24:57','2002-01-01 12:33:56'),(2,2,2,'Perferendis ullam autem officia similique in rerum voluptas. Esse reprehenderit tempora nulla est mollitia. Quod placeat reiciendis nobis consequatur. Et perferendis et dolores molestiae.',0,1,'2011-07-25 03:20:06','2006-02-04 19:16:32'),(3,3,3,'Aut et quas rerum veniam deserunt explicabo. Qui unde quia est. Voluptas et quia esse omnis.',1,0,'2008-11-26 07:37:23','1999-04-16 04:11:04'),(4,4,4,'Sed omnis voluptatem quibusdam veniam quo qui. Qui et itaque ut dolorum. Provident occaecati tenetur modi quos iste.',0,0,'1987-02-12 17:18:36','1979-08-11 18:44:34'),(5,5,5,'Corporis adipisci qui libero voluptas eligendi non vel. Beatae voluptatem aliquid voluptatem nihil distinctio. Est itaque quis in.',0,1,'1994-04-23 14:20:41','2004-11-12 06:33:59'),(6,6,6,'Sit est alias libero. Incidunt est in aut illum tenetur voluptatem. Ut in nesciunt vero voluptatibus id necessitatibus amet.',0,0,'1974-04-20 13:20:54','1998-01-02 05:55:09'),(7,7,7,'Aliquid deleniti libero quaerat corrupti delectus. Omnis sint numquam culpa fugit autem harum. Earum aut totam qui. Ducimus reiciendis temporibus et vel.',0,1,'2001-03-29 20:41:46','1976-05-28 17:18:02'),(8,8,8,'Ex eius et qui minus iure nisi cupiditate. Qui totam eum neque ut eum. Neque corporis voluptatum et.',1,0,'2003-09-07 23:59:21','1976-01-20 08:45:09'),(9,9,9,'Distinctio non odio dolores enim. Placeat consectetur qui cupiditate consequatur. Quasi consectetur corporis consequatur sunt.',1,1,'1992-05-22 03:02:11','1994-02-08 07:15:53'),(10,10,10,'Est expedita iure est ut consequatur. Dicta rerum corrupti quis sed voluptas rem fugiat. Nihil qui sunt debitis quod unde.',0,0,'2015-03-19 00:34:32','1972-02-12 22:42:12'),(11,11,11,'Reiciendis similique quis neque quia et laboriosam numquam. Delectus sit cupiditate est et. Placeat fuga perspiciatis quis et praesentium enim. Esse magni aspernatur quisquam nihil possimus fuga maiores.',0,0,'1981-07-06 16:57:08','2002-07-08 19:00:21'),(12,12,12,'Ut quos quasi ut. Iure vitae eum molestiae sapiente tempora. Qui alias odio debitis.',1,1,'2005-08-11 14:07:32','2000-08-27 18:29:22'),(13,13,13,'Quam delectus quia blanditiis quia exercitationem. Et quia dignissimos quia praesentium velit. Cupiditate odit sequi saepe earum.',0,0,'1972-09-24 23:21:39','2002-07-14 22:17:07'),(14,14,14,'Dolorum libero accusantium facilis voluptatum ut beatae in quia. Corporis voluptate commodi earum dignissimos dolor.',1,1,'1996-05-07 00:27:25','2005-08-19 03:40:41'),(15,15,15,'Quae eos quo doloremque. Voluptatem dolorem accusamus ipsum. A architecto rem aliquam. Voluptas hic blanditiis aperiam.',1,0,'1974-12-29 17:50:59','2020-08-07 08:28:28'),(16,16,16,'Delectus ut non nisi magni molestias debitis et. Non labore eligendi sit et quo nostrum. Aliquid ut fugit maxime maxime ut sunt. Fuga quis eum illum.',1,0,'1984-02-13 18:32:30','1997-11-30 00:35:49'),(17,17,17,'Doloremque laborum et distinctio quia vero. Natus odit quod vel ut. Voluptatibus sed laudantium est consequatur cumque corporis. Itaque quod aliquid facilis illum.',1,0,'2003-03-02 14:29:19','2016-07-18 23:55:35'),(18,18,18,'Qui corrupti repudiandae sint neque. Magni aut non qui mollitia aspernatur.',0,1,'1982-09-07 02:49:07','1982-07-18 16:48:20'),(19,19,19,'Dolore ullam quia nihil labore. In consequatur asperiores est ad eveniet officia vitae. Voluptatem accusantium qui officia dolorem molestiae magni aut.',0,0,'1987-01-31 15:03:47','2008-11-23 21:30:39'),(20,20,20,'Libero temporibus rem nam quia tenetur aspernatur. Mollitia voluptatum sint et quam. Ut eum repudiandae voluptatibus reprehenderit ut. Sapiente officiis repudiandae adipisci ut deserunt. Quos non aut harum iste.',1,0,'1995-04-12 17:54:07','2003-01-21 11:27:08'),(21,21,21,'Soluta quis fugit sed et nihil sapiente doloribus. Et in in nobis odit. Minus non cupiditate est dicta. Illo quis asperiores veritatis id.',1,0,'2018-03-06 20:37:26','2016-11-18 15:11:39'),(22,22,22,'Consequatur ullam sed nemo et culpa quia voluptatem. Quia et sit qui consequatur.',0,1,'2003-04-16 02:39:12','1971-02-03 14:27:25'),(23,23,23,'Magni pariatur reiciendis ut qui. Minima neque aspernatur consequuntur repudiandae. Exercitationem cumque ea recusandae animi.',1,1,'2014-04-21 21:43:56','2008-11-23 22:32:24'),(24,24,24,'Dignissimos illum rerum corporis veritatis. Nostrum magnam fugiat commodi nam pariatur. Dolorem rerum quod vitae cupiditate. Omnis rerum cupiditate est dolorem fuga id sit.',0,0,'1995-11-16 19:19:57','2019-12-25 16:05:49'),(25,25,25,'Tenetur natus non sit voluptas exercitationem nesciunt. Soluta provident aut voluptas qui. Officiis magni et et cumque nobis nemo. Nesciunt voluptatem deleniti architecto consequatur ratione.',1,1,'1982-10-06 14:12:12','1985-09-30 13:45:49'),(26,26,26,'Qui impedit saepe sed nihil. Molestiae id ipsum sint ut et. Sunt ad exercitationem deserunt est voluptas quaerat vel deleniti. Ut et ut aliquam dolor fugit quis ullam.',1,0,'1992-10-25 09:03:04','1973-10-30 07:23:55'),(27,27,27,'Repellat dolorem nobis ratione omnis eaque veritatis aliquid. Soluta perferendis similique sed molestiae soluta. Praesentium maiores recusandae unde dolores ratione voluptas. Nobis doloremque vel aut.',1,0,'2001-01-07 21:30:07','1982-09-02 02:09:39'),(28,28,28,'Quo qui possimus sapiente quia animi omnis enim. Sunt voluptatum ut dolores laboriosam dolore. Quam non adipisci vel quis quae deleniti.',1,0,'1986-12-21 03:34:55','1995-01-18 14:19:04'),(29,29,29,'Eum ducimus numquam labore incidunt deserunt illo. Consequatur soluta sed accusantium alias totam ea. Dicta est debitis aut pariatur aperiam autem. Commodi dolores vero magnam ut consequuntur dolores.',0,1,'1984-06-29 19:34:30','1973-12-29 10:02:00'),(30,30,30,'Quaerat cum quia dicta architecto deleniti sit. Repellat dolores praesentium laboriosam repellendus laborum tenetur. Officia quidem recusandae non quia.',1,1,'2001-05-06 01:53:37','1991-08-08 23:23:51'),(31,31,31,'Eum velit quidem ipsum et corporis ut quos ad. Velit quod distinctio consectetur nesciunt voluptate. Error ullam et nobis occaecati nesciunt et. Aut maiores quas eos.',1,0,'2010-06-27 21:36:09','2006-10-30 10:04:11'),(32,32,32,'Soluta repudiandae quo et ut exercitationem sit quis. Ex et labore in inventore. Fugit sequi ullam quis ullam. Molestias et id ut corrupti tenetur.',1,0,'2018-06-16 09:11:43','1971-02-26 23:59:22'),(33,33,33,'Consequuntur odit rerum temporibus. Id dolores voluptatem ad quis. Nostrum perspiciatis vitae voluptates sed non itaque in. Quis explicabo itaque tempore consequuntur autem et odio. Quis ducimus velit est ut aut.',1,1,'1984-12-30 19:23:23','1970-10-08 04:12:54'),(34,34,34,'Et temporibus alias omnis facilis delectus. Sint tempora sed impedit exercitationem commodi rerum eligendi. Est modi sunt ullam consequuntur necessitatibus. Rem sed voluptates dolorem.',1,1,'2001-09-24 18:03:39','2013-03-21 07:32:52'),(35,35,35,'Ad nobis atque impedit veritatis et. Et quod fuga et perspiciatis sunt.',1,1,'1989-10-22 16:44:57','1976-09-26 05:21:40'),(36,36,36,'Non est repudiandae voluptatem nihil deleniti. Id quaerat consequatur neque fuga animi. Consequuntur placeat ea expedita voluptas. Nisi error laboriosam consequatur voluptates. Laudantium qui consequatur repudiandae.',1,1,'2016-09-14 11:47:45','2001-02-23 21:32:18'),(37,37,37,'Tempora harum molestiae labore laborum enim aut. Dolorem aut voluptatem est optio quasi velit. Soluta dolorum eum nulla ea laboriosam molestiae. Cum rem quo dicta perspiciatis.',1,1,'2014-06-25 02:28:16','1970-11-27 14:28:54'),(38,38,38,'Asperiores sed eligendi similique ratione molestiae. Quaerat aperiam perferendis laboriosam sint. Qui sit esse consequatur.',0,0,'1993-07-24 17:41:10','1979-03-30 07:41:05'),(39,39,39,'Aut cum provident enim vel commodi aut. Quia deserunt id similique quia omnis est. Voluptatibus similique voluptatem quos occaecati. Et at quam earum est. Dolor architecto explicabo magnam et repellat suscipit.',1,0,'2015-09-11 15:34:06','2020-11-26 20:10:42'),(40,40,40,'Provident qui minus ipsam reiciendis illum repudiandae dicta. Qui voluptate voluptatem cum qui. Et eligendi hic rerum sunt dignissimos ut. Eius fuga sapiente incidunt nostrum ipsum.',1,0,'2015-02-04 01:38:42','1989-06-15 21:14:50'),(41,41,41,'Perspiciatis est fugit veniam consequatur. Et natus veritatis libero rerum est magni. Minus omnis temporibus qui adipisci qui explicabo. Nihil odit aut vel sit accusamus in.',1,1,'2012-07-22 01:06:53','1974-07-05 22:52:10'),(42,42,42,'Est vel pariatur quis iste et quidem. Velit magnam tempore debitis labore cumque adipisci. Aut eos eius dolores at totam similique. In laborum dignissimos ea et in.',1,0,'2000-08-19 10:56:35','1977-12-21 17:13:00'),(43,43,43,'Est nostrum consequatur voluptate. Dolores excepturi neque debitis rem minima.',1,1,'1993-05-04 16:49:46','1990-07-31 22:36:14'),(44,44,44,'Eligendi ad impedit corporis. Harum accusantium delectus perferendis unde debitis et eum. Neque mollitia aut quia explicabo. Ut placeat optio doloremque veniam.',0,1,'1996-07-31 04:58:29','2010-05-16 06:02:10'),(45,45,45,'Accusantium ut expedita sed facilis inventore rerum eos. Totam est corporis maxime modi non.',1,1,'1978-12-01 08:27:49','2018-02-28 14:48:51'),(46,46,46,'Tenetur sunt est officia iste porro. Qui tempore et optio et. In et animi atque rerum sed aperiam.',0,0,'1990-12-10 03:37:28','1980-09-12 04:55:21'),(47,47,47,'Ex harum voluptas sed rerum aliquam. Sit magnam maiores tempore animi beatae. Id quis consequuntur et tempora maxime at aperiam soluta.',0,1,'1974-11-06 13:45:34','1995-05-05 14:13:36'),(48,48,48,'Inventore voluptatem est quia enim quos ipsa et. Laborum aut reprehenderit et repudiandae voluptas eos. Tenetur pariatur sint cum.',0,0,'2000-11-15 19:51:24','2018-08-24 08:43:30'),(49,49,49,'Doloremque voluptas laboriosam qui nam aut ad similique. Ipsum atque odit unde. Ipsam aut officia ea qui blanditiis reprehenderit autem. Deleniti totam nam totam enim in. Eum aliquam earum et consectetur harum.',0,0,'2000-03-06 10:18:26','1992-12-21 11:15:26'),(50,50,50,'Atque molestias aliquid ut et non. Voluptate nam inventore architecto impedit hic id qui rem. Eos nobis excepturi voluptatum dolore. Et natus eos facere ducimus amet hic.',0,0,'2001-09-01 07:45:32','2009-06-24 16:37:11'),(51,51,51,'Consequatur nam qui ut blanditiis ut. Explicabo facere sint amet.',0,0,'2020-06-08 03:06:56','2009-03-06 18:03:20'),(52,52,52,'Necessitatibus minus dolores id et. Vel fugit id ut tempore recusandae est. Beatae inventore est et in similique est. Architecto vel accusamus ea.',0,0,'2006-09-28 13:26:31','1997-06-08 00:13:14'),(53,53,53,'Quibusdam blanditiis porro sunt quasi. Et minima vel a. Placeat assumenda repellat quia optio natus dolore. Earum vitae repudiandae consequatur enim eos accusamus laboriosam.',1,1,'1984-05-19 00:38:10','1999-11-21 18:49:47'),(54,54,54,'Eum aut laudantium est non. Cupiditate sit quis doloribus magnam aut. Laborum aut soluta eius molestiae eligendi assumenda nostrum.',1,1,'1972-09-23 22:56:46','2010-10-26 20:20:52'),(55,55,55,'Sunt atque magnam vel. Rerum ea numquam omnis et temporibus. Harum et eos aut. Vero aperiam ea autem ullam aut dolores velit.',0,0,'1977-08-06 23:22:57','1970-03-18 21:36:50'),(56,56,56,'Fugiat quos porro tempore quia et cupiditate fuga. Reprehenderit et labore velit. Quos animi cum nisi cupiditate voluptas est.',1,0,'2011-03-24 13:34:42','1984-05-16 05:49:37'),(57,57,57,'Ducimus fugiat non optio illum. Assumenda excepturi autem sunt est dolorum id. Voluptatum est aliquid tenetur autem facere sed qui.',0,1,'2015-08-02 01:42:34','2007-11-21 08:09:20'),(58,58,58,'Doloribus tempore voluptatem quaerat. Labore quos quasi numquam sunt qui molestiae incidunt quia. Ab ad adipisci qui id nisi qui. Velit et consequatur ut officia.',0,1,'2002-11-28 14:52:56','2019-05-14 23:51:40'),(59,59,59,'Est accusamus sed similique ea non aspernatur. Voluptatibus voluptatem nihil expedita ratione velit dolor. Veniam praesentium iste voluptas aut. Eos aut dolorem voluptatem et nostrum ad est.',0,1,'2017-08-03 09:49:13','1984-01-27 10:49:43'),(60,60,60,'Aperiam facilis aut maiores delectus. Debitis facilis ipsa ut architecto aspernatur sint possimus. Eos fuga delectus quia reiciendis error repellat nihil.',1,0,'1974-10-04 02:19:19','1982-11-19 06:15:41'),(61,61,61,'Quos nostrum nisi fuga. Error facere ipsum deleniti consequatur sed provident. Officia quas qui autem sunt. Alias fugit magni unde expedita. Cupiditate expedita facere esse suscipit.',0,1,'2013-05-24 21:56:33','1984-08-20 22:41:13'),(62,62,62,'Ut et quam explicabo amet consectetur non. Ut voluptates nulla fugit et amet debitis recusandae. Laboriosam ab voluptatem aut perspiciatis impedit.',1,0,'2005-05-18 16:59:12','1988-12-11 21:10:56'),(63,63,63,'Quis quia molestiae ipsum exercitationem magnam omnis. Veritatis quia possimus fuga qui tenetur soluta dolor. Consequatur fugit saepe voluptatem accusantium aperiam magni hic. Sint dolor eveniet nam.',1,1,'2007-11-22 15:28:58','1981-08-03 16:49:54'),(64,64,64,'Eius accusamus omnis sunt enim quia. Eaque fugit eligendi alias vero. Qui quos expedita laborum.',1,0,'1980-07-04 16:54:17','2018-11-20 21:43:06'),(65,65,65,'Delectus praesentium doloremque deleniti nobis aut id voluptatem. Sunt voluptates dolores dolores voluptatem magnam qui. Commodi quo occaecati autem modi consequuntur. Repellat praesentium et deserunt est velit.',0,1,'1982-11-18 14:24:45','2005-10-30 07:21:11'),(66,66,66,'Quaerat vero ipsa voluptas ipsam. Est nam omnis vero qui id aut veritatis. Corporis non officiis ipsam quo minima quae saepe consequatur.',1,1,'1984-11-01 00:43:04','2008-10-30 07:48:33'),(67,67,67,'Est exercitationem qui minima amet unde sunt. Quis ea voluptatem quia illo temporibus. Cupiditate dignissimos consequatur quisquam aut cum doloremque.',0,1,'1976-09-11 12:15:01','2014-03-26 17:01:27'),(68,68,68,'Molestias nobis optio optio laboriosam rem. Eligendi aperiam id praesentium in deleniti ut occaecati. Aliquid iure sit minus est quas sed commodi.',1,0,'2018-08-18 13:24:16','1996-03-23 22:31:52'),(69,69,69,'Qui molestias vel non illum similique. Doloremque eos unde quod quo omnis. Facilis in eaque voluptatem ut. Iure eos repudiandae harum aut ut tempore ullam.',1,0,'2003-01-17 19:23:03','1984-07-02 20:20:52'),(70,70,70,'Voluptas eligendi ipsam ratione reiciendis unde temporibus qui. Quibusdam aliquid fugit molestias assumenda doloribus. Ducimus et iure placeat qui vel accusamus aut.',1,0,'2001-08-03 17:43:26','1974-01-06 04:15:40'),(71,71,71,'Recusandae doloribus doloribus voluptas in. Error aut aut est mollitia. Qui et et facere laudantium quaerat et. Quis quam vero qui non.',1,0,'2003-01-18 08:45:05','1970-11-27 00:11:26'),(72,72,72,'Error voluptatem adipisci laboriosam voluptatum facere soluta soluta. Quas libero aperiam nihil tempora id debitis inventore. Molestiae eveniet est quaerat cupiditate.',0,0,'1980-10-24 10:28:17','2000-06-12 05:22:53'),(73,73,73,'Et vitae et sint ut voluptas est. Aliquam autem voluptate esse ad. Pariatur provident cupiditate voluptatum facilis et commodi. Corrupti aut amet impedit quae est. Qui voluptatibus tempora ut molestias et veritatis.',1,0,'1995-03-13 05:10:29','2015-02-06 17:36:27'),(74,74,74,'Unde at aut tempora placeat debitis earum. Voluptas qui est sit. Dolorum consequuntur et magni et adipisci dolores. Ut dolorem beatae non.',0,1,'2014-11-24 18:46:34','1992-10-06 14:24:36'),(75,75,75,'Adipisci impedit atque quia et nesciunt. Aut nisi maiores cumque architecto. Est ipsam nam eius cumque ut recusandae ut.',0,1,'1998-08-08 14:38:41','2019-01-16 19:33:41'),(76,76,76,'Laboriosam quasi repellat est ut officia inventore aut. Rerum nihil asperiores quisquam illum quaerat accusamus nesciunt illum. Temporibus accusantium rem rerum eius. Quia voluptatem saepe est.',0,0,'1983-03-16 01:43:43','2007-03-14 02:08:32'),(77,77,77,'Enim quia et corrupti facere adipisci qui vitae. Ea et ea ullam ab aut.',0,1,'2004-03-23 08:44:32','1978-07-28 06:49:34'),(78,78,78,'Rerum ullam sed nesciunt aut ut doloremque nihil. Et dignissimos nulla quia et aut quia quo est. Sit eius nemo ab eaque at.',1,1,'1988-09-13 04:30:39','2018-02-01 00:50:32'),(79,79,79,'Est aperiam quia et sapiente. Placeat molestiae cupiditate ullam nisi.',1,1,'2008-02-13 04:53:48','1980-06-12 10:48:27'),(80,80,80,'Non vitae aut aperiam velit assumenda culpa sit. Voluptatem animi autem laudantium aliquid autem sit repudiandae nam.',0,1,'1978-02-10 04:30:26','2016-11-09 15:26:12'),(81,81,81,'Illo quasi consequuntur voluptatem odio. Sunt laudantium dolore placeat suscipit aut voluptas. Pariatur eos quos sed.',0,0,'1989-08-10 21:37:13','2004-03-02 16:51:57'),(82,82,82,'Ex quis nobis consequatur voluptatem iure voluptatem omnis. Aut aut assumenda accusamus et est. Magnam ut perferendis voluptatem id quo libero.',1,0,'2018-07-14 15:55:07','2018-03-29 07:29:41'),(83,83,83,'Totam sapiente cum aut et sunt. Qui quo consequatur voluptatem esse ullam.',1,0,'1988-07-05 12:01:03','2002-09-20 06:26:35'),(84,84,84,'Molestias consectetur velit dolores molestias odio ea voluptatum nisi. Non excepturi amet enim assumenda. Sequi aut eius placeat.',0,0,'1976-05-12 18:32:17','1984-08-25 06:06:32'),(85,85,85,'Cum nam est neque et vero id et. Culpa blanditiis alias minima molestiae quibusdam. Voluptatem voluptate tempora et repudiandae vel.',0,0,'1980-04-12 06:13:17','1972-06-06 23:00:22'),(86,86,86,'Velit omnis vero corporis aut ea accusamus ea. Impedit inventore dolorem ut exercitationem voluptas. Inventore cumque explicabo nemo. Adipisci expedita quas quidem minus laboriosam. Hic eum in sunt magnam et id dolores.',1,0,'2005-01-19 21:27:24','2004-07-03 19:13:06'),(87,87,87,'Optio hic inventore omnis necessitatibus enim voluptatum. Commodi accusantium quia dolor occaecati est atque dolorum et. Voluptas aspernatur libero officia eum. Illum nam at sunt commodi velit vel. Ipsum placeat aut et.',1,1,'2012-12-02 16:22:45','2011-12-17 04:16:32'),(88,88,88,'Qui sit labore id et aut quia. Officiis ut quaerat est laborum fugit aliquam quia. Sint ab sit placeat quia reprehenderit ut nesciunt. Molestiae omnis magnam fuga aut ut tenetur alias.',0,1,'1998-11-27 20:53:30','1997-11-01 18:39:41'),(89,89,89,'Dolorem iusto fugit labore cumque perspiciatis eveniet quidem fugit. Suscipit sed porro occaecati reprehenderit est illo. Neque deserunt repellat dolores voluptas est ut.',0,1,'2008-11-24 12:29:41','2002-04-09 17:34:01'),(90,90,90,'Soluta ipsum et ducimus adipisci rerum iusto. Alias quis ullam dolores rem nostrum deleniti quia et. Sit in saepe exercitationem ipsam saepe. Est eos quisquam voluptatem nisi nihil possimus illum.',0,1,'1999-08-24 08:33:06','2008-08-21 06:54:51'),(91,91,91,'Aspernatur quaerat corrupti dolorem dolorum. Molestiae quae voluptatem sunt et adipisci. Itaque quas est fugit et voluptates quo. Facere corporis voluptatem deleniti debitis aut inventore autem.',0,1,'1988-06-28 21:20:26','1976-03-23 18:34:18'),(92,92,92,'Rerum voluptatem et ut placeat sunt. Aut repellendus natus omnis explicabo. Eum laboriosam deleniti praesentium quia unde.',1,1,'2019-11-22 09:37:19','2018-03-10 16:43:23'),(93,93,93,'Qui quibusdam eos assumenda dolores quae esse qui. Hic impedit ullam et amet aut dolorem maiores soluta. Libero qui dolorem molestias doloremque qui eveniet enim.',1,0,'1996-10-02 18:02:07','2000-01-21 11:48:55'),(94,94,94,'Sapiente voluptas cum eum ducimus enim voluptatibus ullam molestiae. Dolor corrupti eos necessitatibus vero voluptas voluptatem omnis nobis. Beatae amet dolorem aspernatur ut maiores. Veritatis omnis vero aut quod enim.',0,1,'1990-01-06 14:47:13','2010-10-09 13:20:05'),(95,95,95,'Nam et nihil ea eligendi ullam. Et est autem est exercitationem amet. Et rem nam nisi qui.',1,0,'2012-05-17 07:15:57','1996-04-08 23:23:50'),(96,96,96,'Et molestias incidunt similique alias reprehenderit voluptatem. Eos doloribus iste eveniet ea assumenda. Repellendus commodi repellendus necessitatibus ducimus nihil qui et. Qui tempore fuga commodi fuga.',1,0,'1980-12-31 15:57:30','1981-09-04 13:35:40'),(97,97,97,'Deleniti quas eum voluptatem exercitationem nihil nemo. Dolores nobis non ducimus. Et cum assumenda quia odio possimus omnis at. Ratione velit illum ullam pariatur laboriosam.',1,0,'1988-03-09 05:39:38','2008-10-21 11:37:13'),(98,98,98,'Sint quisquam alias sint molestiae quis voluptatem. Ipsum iusto amet in distinctio suscipit. Qui aut fugiat et quae sequi.',0,1,'1987-03-26 23:01:55','2007-11-17 20:53:35'),(99,99,99,'Maiores voluptas ut sit eos occaecati possimus. Fuga harum animi dolores voluptatibus nobis tempora molestiae. Et nihil dolore omnis quia amet dolorem. Velit tenetur autem non inventore quis.',1,0,'1997-03-30 02:04:23','2010-10-12 08:04:10'),(100,100,100,'Nostrum distinctio beatae nihil. Ut officia sapiente ex voluptatem laborum. Aut ut rerum repellendus perferendis sint.',1,1,'1978-11-11 13:55:03','2020-08-17 19:57:18');
/*!40000 ALTER TABLE `messages` ENABLE KEYS */;
UNLOCK TABLES;

--
-- Table structure for table `profiles`
--

DROP TABLE IF EXISTS `profiles`;
/*!40101 SET @saved_cs_client     = @@character_set_client */;
/*!40101 SET character_set_client = utf8 */;
CREATE TABLE `profiles` (
  `user_id` int unsigned NOT NULL COMMENT 'Ссылка на пользователя',
  `gender` char(1) CHARACTER SET utf8 COLLATE utf8_unicode_ci NOT NULL COMMENT 'Пол',
  `birthday` date DEFAULT NULL COMMENT 'Дата рождения',
  `photo_id` int unsigned DEFAULT NULL COMMENT 'Ссылка на основную фотографию пользователя',
  `status` varchar(30) CHARACTER SET utf8 COLLATE utf8_unicode_ci DEFAULT NULL COMMENT 'Текущий статус',
  `city` varchar(130) CHARACTER SET utf8 COLLATE utf8_unicode_ci DEFAULT NULL COMMENT 'Город проживания',
  `country` varchar(130) CHARACTER SET utf8 COLLATE utf8_unicode_ci DEFAULT NULL COMMENT 'Страна проживания',
  `created_at` datetime DEFAULT CURRENT_TIMESTAMP COMMENT 'Время создания строки',
  `updated_at` datetime DEFAULT CURRENT_TIMESTAMP ON UPDATE CURRENT_TIMESTAMP COMMENT 'Время обновления строки',
  PRIMARY KEY (`user_id`)
) ENGINE=InnoDB DEFAULT CHARSET=utf8 COLLATE=utf8_unicode_ci COMMENT='Профили';
/*!40101 SET character_set_client = @saved_cs_client */;

--
-- Dumping data for table `profiles`
--

LOCK TABLES `profiles` WRITE;
/*!40000 ALTER TABLE `profiles` DISABLE KEYS */;
INSERT INTO `profiles` VALUES (1,'m','1999-11-15',8,'Sed et iure perspiciatis modi ','Lake Alek','130','1992-05-29 01:40:00','2016-04-24 03:55:43'),(2,'m','1978-03-30',2,'Maxime architecto molestiae po','East Devan','928','1985-03-05 04:35:08','2009-06-11 21:22:08'),(3,'m','1984-10-05',8,'Aut molestiae est quam dolor q','Collinsstad','711708','2004-02-23 12:31:39','1975-05-13 21:50:39'),(4,'f','2018-05-16',6,'Aut veniam autem architecto de','West Tyler','79','1976-08-20 05:07:39','1981-10-08 15:30:50'),(5,'m','1973-06-18',6,'Incidunt atque qui quia invent','West Zion','','1978-12-23 17:06:56','1994-11-07 20:16:50'),(6,'m','1974-05-06',0,'Assumenda corporis non tempori','West Christinashire','175','2004-04-05 09:17:45','1972-10-12 20:01:49'),(7,'f','1970-01-13',0,'Eveniet atque dolorem omnis eo','East Johnnie','50','1980-08-11 01:47:27','1990-10-23 08:03:39'),(8,'m','1973-10-10',6,'Fugit dolores eius quia volupt','Lockmanport','12659128','2016-06-10 02:50:38','1989-02-01 07:28:37'),(9,'m','1972-03-31',2,'Aut optio cum placeat et praes','Rolfsonmouth','355773','2000-10-10 08:44:54','2009-04-27 08:39:09'),(10,'f','1979-03-14',1,'Sit quia nemo alias numquam qu','North Jovanny','','1975-12-02 07:14:32','2012-11-09 00:59:00'),(11,'m','2006-05-23',8,'Temporibus voluptas tempora es','Kendrickfurt','93','2006-12-16 16:21:47','1973-03-09 15:53:06'),(12,'m','1971-06-29',4,'Sed omnis et iste voluptas. Vo','Port Antonettafurt','580803','2009-03-25 19:28:29','2010-08-12 13:55:22'),(13,'f','2001-09-06',2,'Quibusdam eum autem et deserun','South Gagemouth','','1993-05-26 10:22:08','2013-01-07 09:18:28'),(14,'f','1993-01-25',0,'Voluptatem doloribus et quia q','Ricardostad','5','1972-12-02 02:33:32','1990-06-04 22:07:46'),(15,'f','2016-10-23',1,'Deserunt est aut unde assumend','Ratkeport','53617','2006-01-30 08:37:45','1974-05-25 01:04:45'),(16,'m','1994-01-13',2,'Provident exercitationem sunt ','West Jaquelin','94513','2019-01-05 06:31:15','2009-03-16 10:32:51'),(17,'m','2005-06-22',7,'At nam consequuntur nisi sit c','Jaylinside','7380','1996-01-14 01:24:06','2010-06-09 09:29:24'),(18,'m','1972-06-28',0,'Ullam perspiciatis suscipit au','South Jamaalville','92180096','1975-09-27 17:57:51','2008-09-28 07:12:36'),(19,'m','1982-09-14',8,'Molestiae quia explicabo ducim','West Bonnie','56899','2020-03-11 10:11:11','1980-09-24 18:17:16'),(20,'m','2011-12-23',0,'Cum tempore impedit praesentiu','Alaynaview','','1986-11-11 14:41:35','1972-02-22 08:08:53'),(21,'m','1977-10-22',0,'Natus sit incidunt molestiae m','Port Eribertofort','806543','1973-12-11 04:07:55','1986-08-24 12:33:10'),(22,'m','2002-02-02',5,'Molestias in earum cupiditate ','Nicolasshire','569744','1977-01-08 20:40:51','2016-10-25 23:30:18'),(23,'f','1977-08-01',3,'Nam rem voluptas perferendis. ','Clydeview','5661584','2011-03-26 00:39:18','2014-03-05 21:57:41'),(24,'m','1970-10-18',5,'Enim eos veniam placeat. Repud','West Amyport','26519','2003-10-12 12:35:18','1985-03-26 01:01:33'),(25,'m','1985-02-28',5,'Quis quia quia tempore nesciun','South Arlo','739050','1986-09-18 19:45:42','2016-06-07 07:06:09'),(26,'f','1985-05-11',6,'Quia error qui libero corrupti','West Adolfo','841','2019-05-03 16:24:49','1982-12-28 15:53:28'),(27,'f','1986-02-27',2,'Rem rerum eum et consequatur l','New Drewmouth','598969965','1997-05-22 02:34:40','1985-08-11 02:08:33'),(28,'m','1982-04-05',4,'Placeat et nemo sequi eius ten','Boyerchester','6359','1989-08-10 13:29:36','2018-12-25 12:46:31'),(29,'f','2003-02-08',4,'Quia ad est est ut et enim sap','Ofeliahaven','931','1975-03-01 10:34:59','1982-06-19 19:20:36'),(30,'m','1994-10-11',6,'Ipsam praesentium eos maxime q','Julietstad','4058','2010-10-18 07:22:08','1975-01-02 08:04:04'),(31,'m','1970-07-22',3,'Rem eligendi est ipsum quia. A','North Jade','18','1970-07-09 09:24:07','2020-07-29 18:15:46'),(32,'m','1996-06-15',4,'Molestias ut qui qui. Doloribu','Patrickfort','1510866','2000-12-11 17:10:46','2003-09-16 20:40:22'),(33,'f','1987-03-24',2,'Saepe quaerat ducimus harum qu','Kiehntown','1258033','1975-07-18 13:06:34','1989-05-24 11:40:53'),(34,'m','2002-07-06',0,'Facilis voluptates consequatur','North Alfonzo','','1970-09-24 01:40:49','2001-01-08 21:20:29'),(35,'f','2003-07-16',0,'Et dolores quaerat blanditiis ','Funkside','771094','2017-07-21 04:36:09','1997-12-06 00:54:21'),(36,'m','2010-04-28',3,'Qui aperiam animi voluptate en','Goyettestad','864897','2017-06-26 15:14:51','1981-05-06 05:37:54'),(37,'f','1986-07-18',4,'Quia atque et aspernatur quos.','Schulistfurt','1696','1988-07-17 18:52:55','1987-06-16 05:13:15'),(38,'f','1982-02-27',7,'Libero et officia magnam accus','Dewayneside','80572','1976-11-30 00:15:24','1975-09-26 15:22:34'),(39,'f','1984-12-27',1,'Molestiae quisquam quisquam co','Port Sammiehaven','','1981-09-12 06:57:54','2000-09-26 09:25:41'),(40,'f','1972-04-28',2,'Minima distinctio sequi volupt','Hoppefurt','515661','2000-10-21 21:32:24','1980-12-24 16:14:56'),(41,'f','2012-03-08',8,'Sunt voluptate voluptates earu','Babyton','166886','2013-01-03 16:10:26','2003-03-19 04:21:24'),(42,'f','1984-03-20',9,'Dicta dolore iure minima qui e','Port Angelitatown','81107','1982-08-29 19:51:16','1985-03-23 15:31:31'),(43,'f','2016-03-13',5,'Aut velit qui corrupti aut fac','Mariahmouth','9230081','1994-07-15 13:59:32','1998-10-13 15:46:03'),(44,'f','1974-01-22',7,'Est quisquam vel enim sit. Ut ','Gracieland','843072670','1970-11-25 22:46:20','2004-10-29 15:53:42'),(45,'m','2018-03-04',8,'Aut rem illo officiis qui quia','Aileenmouth','5004059','1993-04-18 02:42:32','2003-07-04 16:33:37'),(46,'f','1979-08-23',9,'Molestias porro dolores quo pe','Bruenberg','520181067','2002-03-20 01:44:25','1976-10-29 01:05:38'),(47,'f','1983-10-11',6,'Id dolorem ab praesentium quid','Willview','486171307','1975-03-28 03:41:04','2018-12-08 02:10:42'),(48,'m','2006-09-10',5,'Voluptatum rem velit qui magni','Amosport','26040','2009-07-04 04:22:45','2011-09-19 23:24:18'),(49,'m','1994-06-04',3,'Sed ullam deleniti non perspic','Mohrfurt','544555083','2013-03-18 15:19:00','1994-05-12 01:04:48'),(50,'f','2014-05-30',8,'Qui eum quo aspernatur. Omnis ','Jasminton','8','2005-12-14 12:57:45','1994-10-04 07:32:26'),(51,'f','1972-06-21',1,'Accusamus possimus excepturi d','East Nathanaelbury','308633','2006-05-31 00:05:52','1981-10-22 18:50:43'),(52,'f','1995-01-09',1,'Et delectus nobis consectetur ','Lake Darryl','73','2006-09-19 14:06:10','2011-01-16 15:05:37'),(53,'f','1984-04-10',2,'Impedit impedit error consequa','Effertzton','93952','1973-11-27 23:16:36','2012-07-02 21:36:16'),(54,'f','2019-08-14',6,'Velit dignissimos necessitatib','Providencichester','120','1983-12-14 08:32:39','2001-03-02 07:54:19'),(55,'f','1986-08-03',2,'Totam quis sapiente nihil numq','Schmidtbury','4147013','2014-03-25 16:53:47','1983-12-05 16:04:22'),(56,'m','1989-11-24',6,'Consequatur non saepe explicab','New Narciso','10459','2015-05-19 11:46:37','1993-12-27 14:51:03'),(57,'m','2015-03-03',4,'Voluptatem fugiat rerum facili','South Charlie','41','1978-03-26 02:41:17','2020-07-23 08:56:32'),(58,'f','1983-05-02',4,'Rerum rerum id dolore voluptat','Port Julietland','486413886','1972-07-11 14:11:57','1990-09-27 05:30:56'),(59,'f','1991-12-26',9,'Non voluptatem aut omnis autem','South Chaunceytown','35','2003-12-05 21:26:26','2008-01-10 17:44:05'),(60,'m','1991-12-29',5,'Similique voluptates ea sunt e','South Elouiseville','8','1978-05-29 05:58:22','2012-06-07 09:18:26'),(61,'m','2015-12-15',7,'Animi aut veritatis rerum nam ','West Lilianville','488291','2010-03-13 15:28:39','1991-01-30 00:17:35'),(62,'m','2006-11-13',3,'Numquam corrupti deleniti dict','Blockport','2399','1984-03-13 23:03:09','1979-02-21 17:47:05'),(63,'m','2008-10-08',7,'Doloribus iusto aut modi animi','Port Gerson','616908068','1998-02-23 07:35:29','2004-07-30 12:04:38'),(64,'f','1991-08-29',5,'In perspiciatis quae molestias','Gaylordburgh','874690727','2008-12-14 21:36:35','1982-08-17 13:29:41'),(65,'f','1972-04-25',8,'Consectetur ipsa et fugiat ani','Luettgentown','8485634','1998-07-02 08:01:52','1994-08-16 01:36:18'),(66,'f','1978-11-18',7,'Sit ipsam voluptatem eos volup','Lake Edmundview','820','2005-03-31 22:09:32','2013-11-09 08:21:45'),(67,'m','1972-03-01',5,'Vel voluptatem eos saepe ipsum','North Eliview','9','1989-01-06 02:57:06','2017-03-10 04:51:53'),(68,'f','2017-08-25',6,'Fugiat molestiae accusamus qui','West Archmouth','4','1999-10-23 19:07:19','2008-05-19 02:47:43'),(69,'f','2011-12-28',2,'Sed iure sit labore voluptas m','Connberg','5828495','1983-07-16 16:07:37','2007-10-28 14:58:31'),(70,'m','1998-11-18',6,'Beatae et nihil in. Est eos at','New Keshaunmouth','2','1971-12-31 13:50:32','2013-09-21 18:01:14'),(71,'m','2010-01-12',4,'Est eum non aut magni est inci','Greenhaven','','2020-05-14 19:32:57','1975-03-05 00:36:35'),(72,'m','1972-06-18',1,'Vel ut ad fuga veritatis. Inci','Providencitown','665082152','1975-12-27 22:16:51','2000-04-10 02:45:44'),(73,'f','1998-07-24',7,'Iure voluptatem ea mollitia ve','Karianneton','9096','2005-07-30 02:53:11','1976-06-13 07:16:44'),(74,'m','1975-11-20',9,'Natus animi quo non. In necess','South Milantown','498','2012-02-04 02:52:29','1984-01-22 17:46:19'),(75,'f','2019-11-12',1,'Blanditiis dolorem explicabo q','North Dasia','','2005-01-29 16:01:42','1986-03-19 15:48:58'),(76,'m','1984-05-04',0,'Quod asperiores iusto optio no','West Soniatown','','1979-04-07 01:39:33','1973-11-04 03:16:35'),(77,'f','1986-08-26',2,'Explicabo eos aut voluptatibus','North Mariano','378305389','1974-03-31 09:55:13','2009-03-21 16:00:52'),(78,'f','1989-06-04',4,'Odit aut voluptate voluptas re','North Ian','7060869','2010-05-12 04:34:25','1973-09-07 17:36:07'),(79,'m','1998-05-05',8,'Sapiente nihil similique moles','Lake Violachester','','2002-07-08 01:05:13','2017-10-01 06:12:20'),(80,'f','1997-12-31',3,'Expedita illo fuga itaque nequ','Madelynville','2','1970-09-01 13:21:24','1988-08-27 00:23:58'),(81,'f','1972-08-23',5,'Repellat culpa dolores adipisc','Hermanport','902623','1994-07-29 12:06:57','1971-09-03 10:04:40'),(82,'m','1974-07-31',0,'Dolores quia sit in consequunt','Taraside','93102071','1996-06-17 19:57:24','1985-02-14 21:19:36'),(83,'f','1991-08-19',1,'Nesciunt laboriosam error reru','Wolfland','63278','2013-01-31 11:33:45','2013-09-01 04:26:55'),(84,'m','1994-02-03',1,'Sunt voluptatum quibusdam dolo','West Robertamouth','5','1991-05-17 23:26:02','2013-03-06 02:26:35'),(85,'f','2000-05-26',7,'Alias aspernatur sit impedit i','East Kaci','406856454','2004-09-17 18:20:08','1994-12-09 04:12:30'),(86,'m','2002-11-23',3,'Exercitationem sit non asperna','Weissnatfort','182270001','1990-12-01 08:18:22','2015-01-11 05:44:16'),(87,'m','1996-12-12',1,'Est ipsum laborum consectetur.','North Veronicastad','289508559','1987-02-03 13:10:22','1971-07-25 02:10:21'),(88,'f','1984-12-24',2,'Vitae eius libero unde dolorem','Port Myrtisside','','1995-02-28 04:31:36','1995-05-31 02:34:45'),(89,'f','2013-06-08',3,'Expedita fugiat et atque. Debi','Opalborough','91','1984-09-17 22:45:07','1998-10-13 11:08:17'),(90,'m','1990-03-30',7,'Occaecati enim dolorem sunt vo','East Carter','398','1974-08-07 03:58:32','1985-12-22 11:20:23'),(91,'m','1997-04-26',6,'Necessitatibus ut minima eaque','North Fannie','48231986','1988-04-25 09:19:28','1974-09-06 02:38:56'),(92,'m','1973-05-27',2,'Et voluptatibus veniam et blan','East Constantin','6825','1977-07-09 22:04:10','2000-08-24 21:17:56'),(93,'f','1970-07-31',5,'Officiis voluptas nam quidem v','Port Jaiden','7','2014-08-08 12:13:40','1992-04-04 23:55:54'),(94,'m','2015-09-12',0,'Voluptatem aut a dignissimos e','Donnellystad','409','1974-11-10 17:07:22','2002-10-03 13:47:03'),(95,'f','1981-01-06',9,'Ex vel cupiditate dolorem anim','Donaldmouth','82484','1982-01-16 11:51:46','1972-06-22 18:49:51'),(96,'m','1976-06-13',8,'Nobis consequuntur consequatur','Lake Kristaville','292','1987-08-10 21:28:09','1996-05-31 05:44:21'),(97,'m','1994-03-20',9,'Dolorum ad iure ipsa corporis.','Walshtown','568151','1976-06-01 01:14:33','2012-02-06 08:08:10'),(98,'f','1978-03-03',6,'In possimus et quo voluptates ','Uptonland','34576','1971-07-04 21:17:49','1985-05-03 12:39:21'),(99,'m','2015-06-17',2,'Enim voluptatem porro et iste ','Dibbertstad','800718985','1978-03-31 20:25:31','1972-12-17 04:01:07'),(100,'m','2009-04-27',6,'Culpa autem qui et corporis. E','Robbiefurt','8808','2014-12-02 00:17:47','2003-03-04 22:59:06');
/*!40000 ALTER TABLE `profiles` ENABLE KEYS */;
UNLOCK TABLES;

--
-- Table structure for table `users`
--

DROP TABLE IF EXISTS `users`;
/*!40101 SET @saved_cs_client     = @@character_set_client */;
/*!40101 SET character_set_client = utf8 */;
CREATE TABLE `users` (
  `id` int unsigned NOT NULL AUTO_INCREMENT COMMENT 'Идентификатор строки',
  `first_name` varchar(100) CHARACTER SET utf8 COLLATE utf8_unicode_ci NOT NULL COMMENT 'Имя пользователя',
  `last_name` varchar(100) CHARACTER SET utf8 COLLATE utf8_unicode_ci NOT NULL COMMENT 'Фамилия пользователя',
  `email` varchar(100) CHARACTER SET utf8 COLLATE utf8_unicode_ci NOT NULL COMMENT 'Почта',
  `phone` varchar(100) CHARACTER SET utf8 COLLATE utf8_unicode_ci NOT NULL COMMENT 'Телефон',
  `created_at` datetime DEFAULT CURRENT_TIMESTAMP COMMENT 'Время создания строки',
  `updated_at` datetime DEFAULT CURRENT_TIMESTAMP ON UPDATE CURRENT_TIMESTAMP COMMENT 'Время обновления строки',
  PRIMARY KEY (`id`),
  UNIQUE KEY `email` (`email`),
  UNIQUE KEY `phone` (`phone`)
) ENGINE=InnoDB AUTO_INCREMENT=101 DEFAULT CHARSET=utf8 COLLATE=utf8_unicode_ci COMMENT='Пользователи';
/*!40101 SET character_set_client = @saved_cs_client */;

--
-- Dumping data for table `users`
--

LOCK TABLES `users` WRITE;
/*!40000 ALTER TABLE `users` DISABLE KEYS */;
INSERT INTO `users` VALUES (1,'Earline','Bailey','yost.margaretta@example.org','+04(0)4652524454','1979-11-25 22:48:51','1974-02-28 14:28:22'),(2,'Jarrett','Bins','dietrich.trisha@example.net','351-930-4226','1990-11-13 04:07:25','2004-12-19 19:05:56'),(3,'Monica','Greenholt','jacobson.kamryn@example.org','(454)723-8332x157','2015-12-24 14:32:40','1996-05-08 07:59:55'),(4,'Raheem','Green','brekke.leila@example.net','923-443-9079','1979-12-10 06:03:38','1995-05-25 21:46:09'),(5,'Eula','Von','leslie.corkery@example.net','1-109-251-5506','2017-04-09 07:07:45','1994-11-28 22:59:38'),(6,'Murray','Mertz','blick.alden@example.com','(913)405-0398','1995-11-19 10:48:56','1994-02-14 11:03:11'),(7,'Leopold','Schoen','ebernier@example.org','02846295016','1998-12-31 23:06:33','1970-06-08 22:28:24'),(8,'Chaim','Heaney','leo.heathcote@example.org','347-782-6337','1977-08-13 19:20:22','1987-12-18 23:13:22'),(9,'Maxine','Hoppe','blaze75@example.com','05133079692','1980-05-14 22:36:45','1990-12-24 08:15:14'),(10,'Brycen','O\'Conner','farrell.franz@example.org','792-557-7278x46834','1970-05-19 23:36:05','1983-01-07 19:38:48'),(11,'Dedric','Jones','kernser@example.net','1-923-645-9319x0392','2007-01-28 01:05:52','1999-06-24 13:04:43'),(12,'Gus','Russel','mante.lawrence@example.net','334.027.4040x73495','1986-11-07 12:22:56','2013-11-29 10:01:38'),(13,'Matilda','Morar','rippin.jana@example.org','1-213-237-1252x37569','2005-11-16 19:30:51','1995-09-16 13:29:59'),(14,'Christa','Torp','victoria02@example.com','1-090-170-5179x737','2020-12-13 06:11:18','1970-01-31 14:50:22'),(15,'Kaylah','Waelchi','fred14@example.org','1-850-997-2152x50005','1991-11-20 01:06:08','1996-04-19 01:01:36'),(16,'Ronny','O\'Keefe','mcdermott.kayden@example.org','1-358-691-2462','1996-11-19 05:14:41','2005-06-04 06:04:52'),(17,'Sister','Kassulke','ziemann.trent@example.org','1-936-982-5918x274','1979-09-06 01:21:51','1995-03-30 12:29:57'),(18,'Mikel','Yost','horacio.botsford@example.org','06034083640','2006-10-23 17:26:18','2005-02-25 01:58:59'),(19,'Karine','Schmidt','madalyn38@example.net','904.293.5096','2008-11-11 00:46:34','1976-12-27 11:24:46'),(20,'Neil','Ferry','vwisozk@example.com','067-883-7573x75973','2019-06-08 18:58:39','1983-01-17 09:00:26'),(21,'Sedrick','Ward','wcummings@example.net','1-161-733-5171x296','1995-05-05 02:07:57','1997-07-18 18:52:53'),(22,'Timmothy','Howe','phills@example.net','246-584-6997x7074','1983-12-11 08:30:18','1991-12-10 13:03:59'),(23,'Thelma','Walker','tschmeler@example.org','07182610078','1970-02-19 16:52:09','1993-11-24 04:22:02'),(24,'Reuben','Jerde','carter.franco@example.com','1-786-442-7634x61118','1998-06-17 12:59:08','1987-07-05 16:43:20'),(25,'Kali','Johns','yhilll@example.net','344.088.9233','1981-06-07 17:59:12','2017-05-25 15:04:07'),(26,'Virgie','Yost','alexandra.keebler@example.com','1-487-918-4005','1987-03-18 17:32:56','1983-12-07 03:38:32'),(27,'Dandre','Macejkovic','harber.alden@example.com','(240)508-2005x0702','1977-12-18 08:13:15','1974-04-16 03:31:23'),(28,'Kyler','Jacobi','jody.towne@example.net','898-501-9898x090','2001-11-21 04:29:59','1970-04-18 15:45:03'),(29,'Herminio','Lowe','brandon.fisher@example.org','1-417-241-8993x22086','2004-09-07 20:08:07','1970-12-04 10:30:25'),(30,'Jaquan','Zulauf','rosario41@example.com','510-073-4389x561','2009-06-21 03:40:54','1970-06-28 07:20:27'),(31,'Dennis','Hintz','hpfeffer@example.com','312-773-4762','1995-09-13 17:11:02','2017-04-22 22:05:21'),(32,'Camilla','Gottlieb','deontae35@example.com','(134)406-8296','2007-12-03 21:07:47','1971-10-19 21:36:01'),(33,'Stephen','Cremin','valentine.gleason@example.com','(425)938-4806x3522','2019-03-15 15:32:41','1974-12-08 11:56:19'),(34,'Verlie','Rolfson','srunte@example.com','(090)462-1761x46500','1974-11-22 00:23:01','2016-04-11 00:04:46'),(35,'Brenda','Metz','deborah.osinski@example.org','(146)631-0213x10784','1999-01-18 22:10:19','1999-01-28 08:08:01'),(36,'Janick','Kovacek','qwuckert@example.net','315-250-0134x1336','2006-10-29 21:51:17','1978-02-21 14:48:21'),(37,'Myrl','Hahn','brigitte57@example.org','968-827-1623x933','1993-12-20 21:30:22','2006-01-17 23:32:47'),(38,'Verner','Gulgowski','sauer.walker@example.org','01008173988','1970-12-11 07:56:28','2015-04-07 07:44:44'),(39,'Horacio','Rath','geovanni.ziemann@example.net','(910)287-6233','1970-03-17 21:40:27','1991-02-10 02:20:33'),(40,'Kevon','Cruickshank','hpurdy@example.net','1-709-730-5436x55106','2020-01-29 06:39:47','2003-10-23 14:45:59'),(41,'Kayleigh','Jaskolski','dthompson@example.net','(136)738-4479','2011-10-22 05:48:54','1973-02-13 23:41:09'),(42,'Alanis','Morissette','vida54@example.net','(274)389-7897x35968','1982-03-19 09:43:27','1995-05-26 03:47:12'),(43,'Chaim','Goodwin','edna.barton@example.com','1-882-447-5525','1987-07-11 11:31:05','2008-11-03 10:21:05'),(44,'Clinton','Braun','walker.irwin@example.com','002.767.8504','1993-07-30 04:55:44','2007-08-31 04:03:36'),(45,'Frederique','Gulgowski','enrico61@example.net','1-396-616-2101x003','2015-12-21 22:06:47','1974-01-06 15:06:54'),(46,'Ara','Dicki','kale.dubuque@example.com','+88(3)6472103086','1986-03-01 08:56:47','2017-10-16 03:28:37'),(47,'Loma','Gleichner','deven23@example.net','1-350-436-8634','2016-12-07 01:39:23','1973-12-01 03:30:21'),(48,'Buddy','Renner','dhamill@example.net','536-477-5502x16026','2011-02-26 10:15:44','1980-01-15 05:05:47'),(49,'Dortha','Wisoky','metz.zoila@example.com','984.174.5990x80312','2016-07-27 20:21:00','1987-05-30 07:44:55'),(50,'Winona','Larson','loy.nicolas@example.org','695.274.6505x38667','1972-05-21 08:56:01','2001-12-18 03:30:23'),(51,'Pete','Ullrich','nichole.upton@example.org','026-944-3104x444','1995-11-13 21:05:10','2020-07-19 21:13:47'),(52,'Zander','Crona','russell17@example.com','07657749584','1986-06-29 02:30:50','1991-10-19 21:31:45'),(53,'Opal','Boyle','bkub@example.org','525-207-3691x57056','2013-12-21 17:15:59','2000-04-23 05:14:16'),(54,'Stan','Mosciski','wstreich@example.org','+12(1)0911290118','1989-11-28 22:57:35','1995-12-01 23:23:06'),(55,'Toy','Padberg','wwehner@example.net','(403)126-7593','2005-01-07 14:28:46','1986-09-21 14:34:14'),(56,'Clarissa','Gulgowski','zauer@example.org','320.052.0150','1990-12-04 17:30:12','1976-04-13 21:32:56'),(57,'Nelda','Greenfelder','ortiz.margarette@example.com','09179708627','1985-11-30 10:10:42','1999-08-15 02:27:23'),(58,'Ernestine','Zieme','nmayer@example.com','115.128.6559','2019-04-01 16:41:05','1974-02-15 07:29:36'),(59,'Weldon','Orn','ewald.kuvalis@example.com','(010)815-2069','1979-10-31 21:24:59','2014-05-21 05:21:42'),(60,'Morton','Dare','greenfelder.crystel@example.net','941.665.8442x66106','2011-02-22 17:58:31','1984-07-28 15:22:55'),(61,'Ricardo','Kuhn','o\'keefe.otto@example.net','1-967-807-0234','1979-04-11 14:20:03','1986-07-09 07:47:19'),(62,'Garett','Heaney','vanessa45@example.net','01197547812','2002-07-25 12:10:59','1986-01-20 14:24:13'),(63,'Koby','Schulist','fritsch.aisha@example.com','1-316-560-4971x478','1980-10-09 19:32:53','2014-11-05 15:30:33'),(64,'Katharina','Abshire','johns.bradford@example.com','261-719-7024','1990-03-30 03:21:48','1984-06-19 16:06:45'),(65,'Bradford','Borer','bherman@example.net','(957)902-7672x177','1990-05-24 16:01:08','1979-03-31 19:37:48'),(66,'Kathlyn','Keeling','kirlin.athena@example.net','1-617-180-2951x5662','1991-07-29 09:17:48','2008-09-08 06:39:49'),(67,'Shane','Schuppe','catalina65@example.net','(328)017-0140x672','2007-07-15 03:05:20','1993-04-21 02:58:12'),(68,'Merl','Hauck','tremblay.breanne@example.org','975.805.2877x874','2013-12-08 06:05:29','2019-02-15 13:36:59'),(69,'Mabelle','Pfannerstill','gerlach.mariah@example.net','(505)334-4278x70164','2006-05-03 11:18:12','1984-05-03 16:59:00'),(70,'Sage','Lebsack','parker.kathleen@example.org','654-945-1246','1973-07-30 06:30:49','1989-09-24 04:58:39'),(71,'Declan','Rempel','dcorkery@example.org','1-394-375-3018','1975-03-01 22:12:00','2020-04-26 22:28:08'),(72,'Lizeth','Muller','monahan.courtney@example.net','497.034.7279x1639','1993-08-09 12:14:23','1999-06-29 11:28:56'),(73,'Zachariah','Wunsch','mkoepp@example.net','+63(6)7264072785','1988-01-31 22:17:26','1987-03-23 19:16:52'),(74,'Jeff','Hansen','izaiah64@example.org','1-410-254-9988','2006-05-26 18:13:32','2020-04-06 00:17:45'),(75,'Ike','Kilback','schumm.larissa@example.net','1-865-208-4782x342','1999-07-31 10:12:48','2008-03-24 18:49:39'),(76,'Patricia','Larson','ojacobs@example.org','(821)632-9732','2005-07-19 14:34:20','1995-07-10 16:53:11'),(77,'Erika','Thiel','mcdermott.ernest@example.com','213.049.3006x4242','1983-05-09 11:40:57','1973-04-27 22:24:08'),(78,'Burnice','Dach','emely.krajcik@example.net','09977843234','1970-08-11 19:02:41','1971-01-28 01:36:51'),(79,'Saige','Collier','whitney97@example.com','233-723-6553','2015-06-08 05:52:30','1982-05-13 22:34:39'),(80,'Mallory','D\'Amore','mariah.green@example.org','1-542-597-0876','2008-06-11 09:20:30','2014-03-06 00:41:42'),(81,'Vinnie','Pagac','may11@example.org','104-712-9915x974','1986-10-27 19:37:56','2005-12-17 21:59:20'),(82,'Felix','Spinka','okovacek@example.net','329-914-2185x043','2017-04-30 01:14:39','2012-10-16 19:48:12'),(83,'Eleanore','Cronin','syble.auer@example.com','(118)941-6164','1984-01-17 04:07:13','1986-05-08 14:08:24'),(84,'Haley','Predovic','ymcglynn@example.org','+57(9)0216776376','1999-03-12 00:32:52','2001-05-25 19:54:06'),(85,'Fanny','Ebert','jacquelyn78@example.net','1-905-435-7666x324','2006-06-24 14:06:33','1977-06-05 10:39:39'),(86,'Scarlett','Lemke','bosco.jensen@example.com','875-532-3689','2002-03-09 23:16:20','1980-11-10 04:59:26'),(87,'Cooper','Klocko','cpredovic@example.com','1-449-411-2495','1988-08-02 08:12:50','1974-04-09 16:17:22'),(88,'Rosalind','Schmidt','woodrow29@example.org','+73(2)3330094473','1981-11-02 11:10:29','1996-08-10 02:59:10'),(89,'Ludie','Okuneva','delphine74@example.net','263.930.5664','1989-07-08 17:10:21','1983-10-15 12:19:19'),(90,'Skye','Franecki','rau.woodrow@example.org','01218384490','1991-03-10 16:37:23','2015-09-07 19:59:02'),(91,'Virginie','Ondricka','mabel.streich@example.com','137-744-0796x21523','2010-08-18 17:18:03','2018-09-28 05:58:52'),(92,'Jacinthe','Crooks','no\'connell@example.org','041-281-9232x1150','1996-03-23 05:54:53','2012-05-02 14:54:20'),(93,'Eden','Kassulke','eliseo32@example.net','00829901916','1987-11-14 07:22:59','2020-06-19 05:48:31'),(94,'Adalberto','Little','smith.melyna@example.net','(190)750-8234x05151','1997-07-20 21:40:35','1978-10-08 20:59:59'),(95,'Mitchel','Dickens','uwilderman@example.com','08696963723','2005-08-31 05:31:46','1994-04-22 22:26:38'),(96,'Jodie','Turner','brohan@example.net','(219)025-5433','1991-03-10 09:46:57','1987-02-07 14:21:09'),(97,'Ignacio','Koch','johan.gutmann@example.org','(282)211-8439x88239','2004-12-27 18:56:58','1993-06-06 09:40:40'),(98,'Sydnee','Collins','nella.pagac@example.com','838-565-1612x8876','1988-08-21 08:59:19','2004-06-23 09:29:25'),(99,'Myrl','Satterfield','jwatsica@example.net','317-396-2709','2020-05-05 02:47:20','2009-02-19 22:24:48'),(100,'Rosina','Kling','meta65@example.org','906-887-8204x96178','1972-04-30 05:44:59','1976-09-02 20:25:56');
/*!40000 ALTER TABLE `users` ENABLE KEYS */;
UNLOCK TABLES;

--
-- Dumping routines for database 'vk'
--
/*!40103 SET TIME_ZONE=@OLD_TIME_ZONE */;

/*!40101 SET SQL_MODE=@OLD_SQL_MODE */;
/*!40014 SET FOREIGN_KEY_CHECKS=@OLD_FOREIGN_KEY_CHECKS */;
/*!40014 SET UNIQUE_CHECKS=@OLD_UNIQUE_CHECKS */;
/*!40101 SET CHARACTER_SET_CLIENT=@OLD_CHARACTER_SET_CLIENT */;
/*!40101 SET CHARACTER_SET_RESULTS=@OLD_CHARACTER_SET_RESULTS */;
/*!40101 SET COLLATION_CONNECTION=@OLD_COLLATION_CONNECTION */;
/*!40111 SET SQL_NOTES=@OLD_SQL_NOTES */;

-- Dump completed on 2020-12-21 16:07:26
