-- MySQL dump 10.13  Distrib 5.5.62, for Win64 (AMD64)
--
-- Host: 127.0.0.1    Database: vk
-- ------------------------------------------------------
-- Server version	8.0.22-0ubuntu0.20.04.3

/*!40101 SET @OLD_CHARACTER_SET_CLIENT=@@CHARACTER_SET_CLIENT */;
/*!40101 SET @OLD_CHARACTER_SET_RESULTS=@@CHARACTER_SET_RESULTS */;
/*!40101 SET @OLD_COLLATION_CONNECTION=@@COLLATION_CONNECTION */;
/*!40101 SET NAMES utf8 */;
/*!40103 SET @OLD_TIME_ZONE=@@TIME_ZONE */;
/*!40103 SET TIME_ZONE='+00:00' */;
/*!40014 SET @OLD_UNIQUE_CHECKS=@@UNIQUE_CHECKS, UNIQUE_CHECKS=0 */;
/*!40014 SET @OLD_FOREIGN_KEY_CHECKS=@@FOREIGN_KEY_CHECKS, FOREIGN_KEY_CHECKS=0 */;
/*!40101 SET @OLD_SQL_MODE=@@SQL_MODE, SQL_MODE='NO_AUTO_VALUE_ON_ZERO' */;
/*!40111 SET @OLD_SQL_NOTES=@@SQL_NOTES, SQL_NOTES=0 */;

--
-- Table structure for table `communities`
--

DROP TABLE IF EXISTS `communities`;
/*!40101 SET @saved_cs_client     = @@character_set_client */;
/*!40101 SET character_set_client = utf8 */;
CREATE TABLE `communities` (
  `id` int unsigned NOT NULL AUTO_INCREMENT COMMENT '╨Ш╨┤╨╡╨╜╤В╨╕╤Д╨╕╨║╨░╤В╨╛╤А ╤Б╤А╨╛╨║╨╕',
  `name` varchar(150) CHARACTER SET utf8 COLLATE utf8_unicode_ci NOT NULL COMMENT '╨Э╨░╨╖╨▓╨░╨╜╨╕╨╡ ╨│╤А╤Г╨┐╨┐╤Л',
  `created_at` datetime DEFAULT CURRENT_TIMESTAMP COMMENT '╨Т╤А╨╡╨╝╤П ╤Б╨╛╨╖╨┤╨░╨╜╨╕╤П ╤Б╤В╤А╨╛╨║╨╕',
  `updated_at` datetime DEFAULT CURRENT_TIMESTAMP ON UPDATE CURRENT_TIMESTAMP COMMENT '╨Т╤А╨╡╨╝╤П ╨╛╨▒╨╜╨╛╨▓╨╗╨╡╨╜╨╕╤П ╤Б╤В╤А╨╛╨║╨╕',
  PRIMARY KEY (`id`),
  UNIQUE KEY `name` (`name`)
) ENGINE=InnoDB AUTO_INCREMENT=14 DEFAULT CHARSET=utf8 COLLATE=utf8_unicode_ci COMMENT='╨У╤А╤Г╨┐╨┐╤Л';
/*!40101 SET character_set_client = @saved_cs_client */;

--
-- Dumping data for table `communities`
--

LOCK TABLES `communities` WRITE;
/*!40000 ALTER TABLE `communities` DISABLE KEYS */;
INSERT INTO `communities` VALUES (11,'Популярная музыка','2020-12-26 11:05:03','2020-12-26 11:05:03'),(12,'Экскурсии','2020-12-26 11:05:03','2020-12-26 11:05:03'),(13,'Школа танцев','2020-12-26 11:05:03','2020-12-26 11:05:03');
/*!40000 ALTER TABLE `communities` ENABLE KEYS */;
UNLOCK TABLES;

--
-- Table structure for table `communities_users`
--

DROP TABLE IF EXISTS `communities_users`;
/*!40101 SET @saved_cs_client     = @@character_set_client */;
/*!40101 SET character_set_client = utf8 */;
CREATE TABLE `communities_users` (
  `community_id` int unsigned NOT NULL COMMENT '╨б╤Б╤Л╨╗╨║╨░ ╨╜╨░ ╨│╤А╤Г╨┐╨┐╤Г',
  `user_id` int unsigned NOT NULL COMMENT '╨б╤Б╤Л╨╗╨║╨░ ╨╜╨░ ╨┐╨╛╨╗╤М╨╖╨╛╨▓╨░╤В╨╡╨╗╤П',
  `created_at` datetime DEFAULT CURRENT_TIMESTAMP COMMENT '╨Т╤А╨╡╨╝╤П ╤Б╨╛╨╖╨┤╨░╨╜╨╕╤П ╤Б╤В╤А╨╛╨║╨╕',
  PRIMARY KEY (`community_id`,`user_id`) COMMENT '╨б╨╛╤Б╤В╨░╨▓╨╜╨╛╨╣ ╨┐╨╡╤А╨▓╨╕╤З╨╜╤Л╨╣ ╨║╨╗╤О╤З'
) ENGINE=InnoDB DEFAULT CHARSET=utf8 COLLATE=utf8_unicode_ci COMMENT='╨г╤З╨░╤Б╤В╨╜╨╕╨║╨╕ ╨│╤А╤Г╨┐╨┐, ╤Б╨▓╤П╨╖╤М ╨╝╨╡╨╢╨┤╤Г ╨┐╨╛╨╗╤М╨╖╨╛╨▓╨░╤В╨╡╨╗╤П╨╝╨╕ ╨╕ ╨│╤А╤Г╨┐╨┐╨░╨╝╨╕';
/*!40101 SET character_set_client = @saved_cs_client */;

--
-- Dumping data for table `communities_users`
--

LOCK TABLES `communities_users` WRITE;
/*!40000 ALTER TABLE `communities_users` DISABLE KEYS */;
INSERT INTO `communities_users` VALUES (11,34,'2020-12-26 11:05:07'),(12,1,'2020-12-26 11:05:07'),(13,66,'2020-12-26 11:05:07');
/*!40000 ALTER TABLE `communities_users` ENABLE KEYS */;
UNLOCK TABLES;

--
-- Table structure for table `contacts`
--

DROP TABLE IF EXISTS `contacts`;
/*!40101 SET @saved_cs_client     = @@character_set_client */;
/*!40101 SET character_set_client = utf8 */;
CREATE TABLE `contacts` (
  `id` int unsigned NOT NULL AUTO_INCREMENT COMMENT 'Идентификатор сроки',
  `user_id` int unsigned NOT NULL COMMENT 'Ссылка на профиль пользователя',
  `contact_type` varchar(30) DEFAULT NULL COMMENT 'Тип контакта',
  `contact_info` varchar(1000) DEFAULT NULL COMMENT 'контактная информация',
  `created_at` datetime DEFAULT CURRENT_TIMESTAMP COMMENT 'Время создания строки',
  `updated_at` datetime DEFAULT CURRENT_TIMESTAMP ON UPDATE CURRENT_TIMESTAMP COMMENT 'Время обновления строки',
  PRIMARY KEY (`id`)
) ENGINE=InnoDB AUTO_INCREMENT=256 DEFAULT CHARSET=utf8mb4 COLLATE=utf8mb4_0900_ai_ci COMMENT='Контактная информация';
/*!40101 SET character_set_client = @saved_cs_client */;

--
-- Dumping data for table `contacts`
--

LOCK TABLES `contacts` WRITE;
/*!40000 ALTER TABLE `contacts` DISABLE KEYS */;
INSERT INTO `contacts` VALUES (1,62,'email','abogisich@example.org','2020-12-26 11:04:52','2020-12-26 11:04:52'),(2,32,'email','alanna61@example.com','2020-12-26 11:04:52','2020-12-26 11:04:52'),(3,64,'email','alexys08@example.com','2020-12-26 11:04:52','2020-12-26 11:04:52'),(4,13,'email','anjali.jakubowski@example.net','2020-12-26 11:04:52','2020-12-26 11:04:52'),(5,19,'email','anne79@example.org','2020-12-26 11:04:52','2020-12-26 11:04:52'),(6,3,'email','astehr@example.com','2020-12-26 11:04:52','2020-12-26 11:04:52'),(7,49,'email','avery.corkery@example.net','2020-12-26 11:04:52','2020-12-26 11:04:52'),(8,8,'email','awolf@example.com','2020-12-26 11:04:52','2020-12-26 11:04:52'),(9,38,'email','baron36@example.org','2020-12-26 11:04:52','2020-12-26 11:04:52'),(10,80,'email','benjamin.huel@example.net','2020-12-26 11:04:52','2020-12-26 11:04:52'),(11,82,'email','berenice93@example.com','2020-12-26 11:04:52','2020-12-26 11:04:52'),(12,99,'email','bette.champlin@example.net','2020-12-26 11:04:52','2020-12-26 11:04:52'),(13,28,'email','bins.santino@example.com','2020-12-26 11:04:52','2020-12-26 11:04:52'),(14,77,'email','bosco.lyla@example.net','2020-12-26 11:04:52','2020-12-26 11:04:52'),(15,4,'email','bradtke.leann@example.org','2020-12-26 11:04:52','2020-12-26 11:04:52'),(16,50,'email','camden.schuppe@example.net','2020-12-26 11:04:52','2020-12-26 11:04:52'),(17,58,'email','camille.ward@example.net','2020-12-26 11:04:52','2020-12-26 11:04:52'),(18,100,'email','candida11@example.org','2020-12-26 11:04:52','2020-12-26 11:04:52'),(19,98,'email','cbuckridge@example.net','2020-12-26 11:04:52','2020-12-26 11:04:52'),(20,18,'email','ckutch@example.net','2020-12-26 11:04:52','2020-12-26 11:04:52'),(21,65,'email','clarabelle.dietrich@example.net','2020-12-26 11:04:52','2020-12-26 11:04:52'),(22,87,'email','constantin.torp@example.com','2020-12-26 11:04:52','2020-12-26 11:04:52'),(23,20,'email','dameon60@example.com','2020-12-26 11:04:52','2020-12-26 11:04:52'),(24,78,'email','dboehm@example.net','2020-12-26 11:04:52','2020-12-26 11:04:52'),(25,79,'email','deckow.oceane@example.org','2020-12-26 11:04:52','2020-12-26 11:04:52'),(26,88,'email','doberbrunner@example.com','2020-12-26 11:04:52','2020-12-26 11:04:52'),(27,94,'email','edgardo35@example.net','2020-12-26 11:04:52','2020-12-26 11:04:52'),(28,21,'email','eduardo91@example.net','2020-12-26 11:04:52','2020-12-26 11:04:52'),(29,45,'email','edward.parker@example.org','2020-12-26 11:04:52','2020-12-26 11:04:52'),(30,12,'email','elvie85@example.com','2020-12-26 11:04:52','2020-12-26 11:04:52'),(31,89,'email','ephraim.cassin@example.net','2020-12-26 11:04:52','2020-12-26 11:04:52'),(32,17,'email','erik47@example.com','2020-12-26 11:04:52','2020-12-26 11:04:52'),(33,75,'email','farrell.lucile@example.com','2020-12-26 11:04:52','2020-12-26 11:04:52'),(34,7,'email','flakin@example.net','2020-12-26 11:04:52','2020-12-26 11:04:52'),(35,84,'email','frami.nellie@example.org','2020-12-26 11:04:52','2020-12-26 11:04:52'),(36,30,'email','freeman.friesen@example.com','2020-12-26 11:04:52','2020-12-26 11:04:52'),(37,15,'email','garnet74@example.org','2020-12-26 11:04:52','2020-12-26 11:04:52'),(38,83,'email','giuseppe.lockman@example.net','2020-12-26 11:04:52','2020-12-26 11:04:52'),(39,68,'email','gladyce13@example.net','2020-12-26 11:04:52','2020-12-26 11:04:52'),(40,1,'email','godfrey.shields@example.net','2020-12-26 11:04:52','2020-12-26 11:04:52'),(41,73,'email','gottlieb.agustin@example.net','2020-12-26 11:04:52','2020-12-26 11:04:52'),(42,57,'email','hammes.joany@example.com','2020-12-26 11:04:52','2020-12-26 11:04:52'),(43,60,'email','hartmann.luna@example.net','2020-12-26 11:04:52','2020-12-26 11:04:52'),(44,46,'email','hauck.chesley@example.org','2020-12-26 11:04:52','2020-12-26 11:04:52'),(45,29,'email','hilbert.wiegand@example.org','2020-12-26 11:04:52','2020-12-26 11:04:52'),(46,54,'email','hoeger.myah@example.net','2020-12-26 11:04:52','2020-12-26 11:04:52'),(47,23,'email','hreichert@example.net','2020-12-26 11:04:52','2020-12-26 11:04:52'),(48,91,'email','jamar.friesen@example.net','2020-12-26 11:04:52','2020-12-26 11:04:52'),(49,11,'email','janet.spencer@example.org','2020-12-26 11:04:52','2020-12-26 11:04:52'),(50,6,'email','jefferey92@example.net','2020-12-26 11:04:52','2020-12-26 11:04:52'),(51,90,'email','jkeeling@example.net','2020-12-26 11:04:52','2020-12-26 11:04:52'),(52,92,'email','johann.pfeffer@example.net','2020-12-26 11:04:52','2020-12-26 11:04:52'),(53,63,'email','kaitlyn.rippin@example.net','2020-12-26 11:04:52','2020-12-26 11:04:52'),(54,59,'email','kirlin.anissa@example.net','2020-12-26 11:04:52','2020-12-26 11:04:52'),(55,53,'email','kreiger.douglas@example.org','2020-12-26 11:04:52','2020-12-26 11:04:52'),(56,44,'email','kuhic.amos@example.net','2020-12-26 11:04:52','2020-12-26 11:04:52'),(57,36,'email','lang.johnnie@example.org','2020-12-26 11:04:52','2020-12-26 11:04:52'),(58,39,'email','laurine.schmidt@example.net','2020-12-26 11:04:52','2020-12-26 11:04:52'),(59,85,'email','lavern53@example.org','2020-12-26 11:04:52','2020-12-26 11:04:52'),(60,56,'email','leonel41@example.org','2020-12-26 11:04:52','2020-12-26 11:04:52'),(61,14,'email','littel.arjun@example.org','2020-12-26 11:04:52','2020-12-26 11:04:52'),(62,34,'email','lolita08@example.net','2020-12-26 11:04:52','2020-12-26 11:04:52'),(63,41,'email','lorenza45@example.com','2020-12-26 11:04:52','2020-12-26 11:04:52'),(64,35,'email','lorenzo.deckow@example.net','2020-12-26 11:04:52','2020-12-26 11:04:52'),(65,31,'email','lucinda.o\'kon@example.com','2020-12-26 11:04:52','2020-12-26 11:04:52'),(66,72,'email','lysanne.west@example.net','2020-12-26 11:04:52','2020-12-26 11:04:52'),(67,66,'email','maia62@example.net','2020-12-26 11:04:52','2020-12-26 11:04:52'),(68,51,'email','marilyne.wisoky@example.org','2020-12-26 11:04:52','2020-12-26 11:04:52'),(69,97,'email','mcdermott.wilton@example.net','2020-12-26 11:04:52','2020-12-26 11:04:52'),(70,95,'email','murphy.bette@example.org','2020-12-26 11:04:52','2020-12-26 11:04:52'),(71,2,'email','nschneider@example.net','2020-12-26 11:04:52','2020-12-26 11:04:52'),(72,16,'email','odessa00@example.com','2020-12-26 11:04:52','2020-12-26 11:04:52'),(73,71,'email','paxton03@example.org','2020-12-26 11:04:52','2020-12-26 11:04:52'),(74,42,'email','pberge@example.org','2020-12-26 11:04:52','2020-12-26 11:04:52'),(75,52,'email','qshanahan@example.com','2020-12-26 11:04:52','2020-12-26 11:04:52'),(76,22,'email','qwisozk@example.com','2020-12-26 11:04:52','2020-12-26 11:04:52'),(77,86,'email','rau.kaya@example.org','2020-12-26 11:04:52','2020-12-26 11:04:52'),(78,61,'email','rcrona@example.org','2020-12-26 11:04:52','2020-12-26 11:04:52'),(79,81,'email','rodriguez.savion@example.org','2020-12-26 11:04:52','2020-12-26 11:04:52'),(80,48,'email','rogahn.faye@example.org','2020-12-26 11:04:52','2020-12-26 11:04:52'),(81,5,'email','sandy11@example.org','2020-12-26 11:04:52','2020-12-26 11:04:52'),(82,74,'email','sanford.lucious@example.com','2020-12-26 11:04:52','2020-12-26 11:04:52'),(83,69,'email','sbalistreri@example.com','2020-12-26 11:04:52','2020-12-26 11:04:52'),(84,43,'email','sdibbert@example.org','2020-12-26 11:04:52','2020-12-26 11:04:52'),(85,25,'email','sebastian48@example.com','2020-12-26 11:04:52','2020-12-26 11:04:52'),(86,67,'email','silas.champlin@example.org','2020-12-26 11:04:52','2020-12-26 11:04:52'),(87,76,'email','spencer.rosina@example.org','2020-12-26 11:04:52','2020-12-26 11:04:52'),(88,26,'email','swift.vito@example.com','2020-12-26 11:04:52','2020-12-26 11:04:52'),(89,9,'email','triston.schultz@example.net','2020-12-26 11:04:52','2020-12-26 11:04:52'),(90,55,'email','uboehm@example.net','2020-12-26 11:04:52','2020-12-26 11:04:52'),(91,40,'email','ubreitenberg@example.org','2020-12-26 11:04:52','2020-12-26 11:04:52'),(92,27,'email','vgraham@example.com','2020-12-26 11:04:52','2020-12-26 11:04:52'),(93,10,'email','williamson.tillman@example.com','2020-12-26 11:04:52','2020-12-26 11:04:52'),(94,93,'email','winona45@example.com','2020-12-26 11:04:52','2020-12-26 11:04:52'),(95,70,'email','zblock@example.net','2020-12-26 11:04:52','2020-12-26 11:04:52'),(96,96,'email','zella89@example.com','2020-12-26 11:04:52','2020-12-26 11:04:52'),(97,47,'email','zgreenfelder@example.org','2020-12-26 11:04:52','2020-12-26 11:04:52'),(98,33,'email','zo\'conner@example.org','2020-12-26 11:04:52','2020-12-26 11:04:52'),(99,24,'email','zosinski@example.com','2020-12-26 11:04:52','2020-12-26 11:04:52'),(100,37,'email','ztrantow@example.org','2020-12-26 11:04:52','2020-12-26 11:04:52'),(101,43,'phone','(108)514-4811x1314','2020-12-26 11:04:52','2020-12-26 11:04:52'),(102,68,'phone','(143)711-3215x02230','2020-12-26 11:04:52','2020-12-26 11:04:52'),(103,59,'phone','(162)628-8906x3363','2020-12-26 11:04:52','2020-12-26 11:04:52'),(104,77,'phone','(166)147-4757','2020-12-26 11:04:52','2020-12-26 11:04:52'),(105,88,'phone','(194)960-4069','2020-12-26 11:04:52','2020-12-26 11:04:52'),(106,50,'phone','(199)979-0061x591','2020-12-26 11:04:52','2020-12-26 11:04:52'),(107,98,'phone','(258)187-7926','2020-12-26 11:04:52','2020-12-26 11:04:52'),(108,73,'phone','(322)246-2820x8831','2020-12-26 11:04:52','2020-12-26 11:04:52'),(109,53,'phone','(341)024-9947','2020-12-26 11:04:52','2020-12-26 11:04:52'),(110,75,'phone','(364)408-8864','2020-12-26 11:04:52','2020-12-26 11:04:52'),(111,31,'phone','(366)276-2214x6022','2020-12-26 11:04:52','2020-12-26 11:04:52'),(112,35,'phone','(366)906-8004','2020-12-26 11:04:52','2020-12-26 11:04:52'),(113,89,'phone','(451)411-6352','2020-12-26 11:04:52','2020-12-26 11:04:52'),(114,40,'phone','(515)672-9240x6872','2020-12-26 11:04:52','2020-12-26 11:04:52'),(115,47,'phone','(523)747-4662','2020-12-26 11:04:52','2020-12-26 11:04:52'),(116,93,'phone','(622)105-4902','2020-12-26 11:04:52','2020-12-26 11:04:52'),(117,66,'phone','(651)075-5760x8265','2020-12-26 11:04:52','2020-12-26 11:04:52'),(118,78,'phone','(723)645-7527x73641','2020-12-26 11:04:52','2020-12-26 11:04:52'),(119,90,'phone','(761)005-4504x828','2020-12-26 11:04:52','2020-12-26 11:04:52'),(120,79,'phone','(791)995-0546x00910','2020-12-26 11:04:52','2020-12-26 11:04:52'),(121,86,'phone','(842)391-5912','2020-12-26 11:04:52','2020-12-26 11:04:52'),(122,99,'phone','+17(1)9003845736','2020-12-26 11:04:52','2020-12-26 11:04:52'),(123,56,'phone','+20(5)2357078518','2020-12-26 11:04:52','2020-12-26 11:04:52'),(124,12,'phone','+20(6)8588663092','2020-12-26 11:04:52','2020-12-26 11:04:52'),(125,61,'phone','+35(8)3801270209','2020-12-26 11:04:52','2020-12-26 11:04:52'),(126,69,'phone','+41(9)8570965576','2020-12-26 11:04:52','2020-12-26 11:04:52'),(127,45,'phone','+47(5)1820951545','2020-12-26 11:04:52','2020-12-26 11:04:52'),(128,87,'phone','+52(5)5344928288','2020-12-26 11:04:52','2020-12-26 11:04:52'),(129,84,'phone','+59(2)0805820965','2020-12-26 11:04:52','2020-12-26 11:04:52'),(130,5,'phone','+67(1)9419659361','2020-12-26 11:04:52','2020-12-26 11:04:52'),(131,52,'phone','+67(7)3981770242','2020-12-26 11:04:52','2020-12-26 11:04:52'),(132,26,'phone','+68(0)4762532459','2020-12-26 11:04:52','2020-12-26 11:04:52'),(133,15,'phone','+84(0)5630751202','2020-12-26 11:04:52','2020-12-26 11:04:52'),(134,25,'phone','00559506533','2020-12-26 11:04:52','2020-12-26 11:04:52'),(135,22,'phone','03107338853','2020-12-26 11:04:52','2020-12-26 11:04:52'),(136,28,'phone','04136605482','2020-12-26 11:04:52','2020-12-26 11:04:52'),(137,97,'phone','047.592.4888x66153','2020-12-26 11:04:52','2020-12-26 11:04:52'),(138,11,'phone','04989412236','2020-12-26 11:04:52','2020-12-26 11:04:52'),(139,2,'phone','07659471533','2020-12-26 11:04:52','2020-12-26 11:04:52'),(140,32,'phone','08232536235','2020-12-26 11:04:52','2020-12-26 11:04:52'),(141,42,'phone','092-999-8298x110','2020-12-26 11:04:52','2020-12-26 11:04:52'),(142,92,'phone','1-011-061-3196','2020-12-26 11:04:52','2020-12-26 11:04:52'),(143,39,'phone','1-016-300-2829','2020-12-26 11:04:52','2020-12-26 11:04:52'),(144,63,'phone','1-100-162-0468','2020-12-26 11:04:52','2020-12-26 11:04:52'),(145,70,'phone','1-124-789-6076x083','2020-12-26 11:04:52','2020-12-26 11:04:52'),(146,17,'phone','1-157-267-6545x8246','2020-12-26 11:04:52','2020-12-26 11:04:52'),(147,19,'phone','1-212-062-0226x0379','2020-12-26 11:04:52','2020-12-26 11:04:52'),(148,23,'phone','1-271-452-1884x72904','2020-12-26 11:04:52','2020-12-26 11:04:52'),(149,55,'phone','1-320-176-7603x7929','2020-12-26 11:04:52','2020-12-26 11:04:52'),(150,67,'phone','1-322-741-7617','2020-12-26 11:04:52','2020-12-26 11:04:52'),(151,6,'phone','1-411-920-9405','2020-12-26 11:04:52','2020-12-26 11:04:52'),(152,30,'phone','1-455-150-4308','2020-12-26 11:04:52','2020-12-26 11:04:52'),(153,49,'phone','1-489-108-6106','2020-12-26 11:04:52','2020-12-26 11:04:52'),(154,20,'phone','1-497-945-5299x5399','2020-12-26 11:04:52','2020-12-26 11:04:52'),(155,3,'phone','1-511-552-3458','2020-12-26 11:04:52','2020-12-26 11:04:52'),(156,29,'phone','1-516-048-8821','2020-12-26 11:04:52','2020-12-26 11:04:52'),(157,57,'phone','1-541-485-8233','2020-12-26 11:04:52','2020-12-26 11:04:52'),(158,62,'phone','1-608-784-8563x0009','2020-12-26 11:04:52','2020-12-26 11:04:52'),(159,100,'phone','1-740-830-4092','2020-12-26 11:04:52','2020-12-26 11:04:52'),(160,65,'phone','1-956-306-2148','2020-12-26 11:04:52','2020-12-26 11:04:52'),(161,54,'phone','1-978-711-5106','2020-12-26 11:04:52','2020-12-26 11:04:52'),(162,51,'phone','110-389-9285x16804','2020-12-26 11:04:52','2020-12-26 11:04:52'),(163,33,'phone','125.139.2293','2020-12-26 11:04:52','2020-12-26 11:04:52'),(164,85,'phone','197.635.5910x070','2020-12-26 11:04:52','2020-12-26 11:04:52'),(165,9,'phone','220.599.8946','2020-12-26 11:04:52','2020-12-26 11:04:52'),(166,24,'phone','232-096-6507x488','2020-12-26 11:04:52','2020-12-26 11:04:52'),(167,10,'phone','258-056-8682x936','2020-12-26 11:04:52','2020-12-26 11:04:52'),(168,27,'phone','289.587.2204x150','2020-12-26 11:04:52','2020-12-26 11:04:52'),(169,60,'phone','292-265-6975','2020-12-26 11:04:52','2020-12-26 11:04:52'),(170,8,'phone','304-307-3890x51899','2020-12-26 11:04:52','2020-12-26 11:04:52'),(171,80,'phone','312.432.2892x055','2020-12-26 11:04:52','2020-12-26 11:04:52'),(172,36,'phone','334-581-1756x3719','2020-12-26 11:04:52','2020-12-26 11:04:52'),(173,48,'phone','351-288-6112','2020-12-26 11:04:52','2020-12-26 11:04:52'),(174,7,'phone','368.481.5283','2020-12-26 11:04:52','2020-12-26 11:04:52'),(175,18,'phone','370-946-6581x5182','2020-12-26 11:04:52','2020-12-26 11:04:52'),(176,34,'phone','429.243.6634','2020-12-26 11:04:52','2020-12-26 11:04:52'),(177,82,'phone','440-592-1812x458','2020-12-26 11:04:52','2020-12-26 11:04:52'),(178,72,'phone','499.146.4258','2020-12-26 11:04:52','2020-12-26 11:04:52'),(179,64,'phone','506.379.0337','2020-12-26 11:04:52','2020-12-26 11:04:52'),(180,21,'phone','569.434.7027x8825','2020-12-26 11:04:52','2020-12-26 11:04:52'),(181,41,'phone','586.875.8621','2020-12-26 11:04:52','2020-12-26 11:04:52'),(182,4,'phone','593-674-0813','2020-12-26 11:04:52','2020-12-26 11:04:52'),(183,38,'phone','656-169-0336x3387','2020-12-26 11:04:52','2020-12-26 11:04:52'),(184,91,'phone','664-813-5324','2020-12-26 11:04:52','2020-12-26 11:04:52'),(185,81,'phone','695.763.1420x880','2020-12-26 11:04:52','2020-12-26 11:04:52'),(186,83,'phone','709-478-8583x54522','2020-12-26 11:04:52','2020-12-26 11:04:52'),(187,58,'phone','731-208-5885','2020-12-26 11:04:52','2020-12-26 11:04:52'),(188,37,'phone','753.598.7204','2020-12-26 11:04:52','2020-12-26 11:04:52'),(189,13,'phone','757.553.6627','2020-12-26 11:04:52','2020-12-26 11:04:52'),(190,16,'phone','757.877.0454x5009','2020-12-26 11:04:52','2020-12-26 11:04:52'),(191,71,'phone','776.195.7302x710','2020-12-26 11:04:52','2020-12-26 11:04:52'),(192,74,'phone','785.479.4815x052','2020-12-26 11:04:52','2020-12-26 11:04:52'),(193,1,'phone','810-263-1998x6306','2020-12-26 11:04:52','2020-12-26 11:04:52'),(194,76,'phone','835-527-8528','2020-12-26 11:04:52','2020-12-26 11:04:52'),(195,95,'phone','845-065-8766','2020-12-26 11:04:52','2020-12-26 11:04:52'),(196,46,'phone','850.783.0942x702','2020-12-26 11:04:52','2020-12-26 11:04:52'),(197,94,'phone','900-082-0844x30883','2020-12-26 11:04:52','2020-12-26 11:04:52'),(198,44,'phone','934-692-0353x65518','2020-12-26 11:04:52','2020-12-26 11:04:52'),(199,96,'phone','988.955.0553x104','2020-12-26 11:04:52','2020-12-26 11:04:52'),(200,14,'phone','993.048.8087','2020-12-26 11:04:52','2020-12-26 11:04:52');
/*!40000 ALTER TABLE `contacts` ENABLE KEYS */;
UNLOCK TABLES;

--
-- Table structure for table `friendship`
--

DROP TABLE IF EXISTS `friendship`;
/*!40101 SET @saved_cs_client     = @@character_set_client */;
/*!40101 SET character_set_client = utf8 */;
CREATE TABLE `friendship` (
  `user_id` int unsigned NOT NULL COMMENT '╨б╤Б╤Л╨╗╨║╨░ ╨╜╨░ ╨╕╨╜╨╕╤Ж╨╕╨░╤В╨╛╤А╨░ ╨┤╤А╤Г╨╢╨╡╤Б╨║╨╕╤Е ╨╛╤В╨╜╨╛╤И╨╡╨╜╨╕╨╣',
  `friend_id` int unsigned NOT NULL COMMENT '╨б╤Б╤Л╨╗╨║╨░ ╨╜╨░ ╨┐╨╛╨╗╤Г╤З╨░╤В╨╡╨╗╤П ╨┐╤А╨╕╨│╨╗╨░╤И╨╡╨╜╨╕╤П ╨┤╤А╤Г╨╢╨╕╤В╤М',
  `status_id` int unsigned NOT NULL COMMENT '╨б╤Б╤Л╨╗╨║╨░ ╨╜╨░ ╤Б╤В╨░╤В╤Г╤Б (╤В╨╡╨║╤Г╤Й╨╡╨╡ ╤Б╨╛╤Б╤В╨╛╤П╨╜╨╕╨╡) ╨╛╤В╨╜╨╛╤И╨╡╨╜╨╕╨╣',
  `requested_at` datetime DEFAULT CURRENT_TIMESTAMP COMMENT '╨Т╤А╨╡╨╝╤П ╨╛╤В╨┐╤А╨░╨▓╨╗╨╡╨╜╨╕╤П ╨┐╤А╨╕╨│╨╗╨░╤И╨╡╨╜╨╕╤П ╨┤╤А╤Г╨╢╨╕╤В╤М',
  `confirmed_at` datetime DEFAULT NULL COMMENT '╨Т╤А╨╡╨╝╤П ╨┐╨╛╨┤╤В╨▓╨╡╤А╨╢╨┤╨╡╨╜╨╕╤П ╨┐╤А╨╕╨│╨╗╨░╤И╨╡╨╜╨╕╤П',
  `created_at` datetime DEFAULT CURRENT_TIMESTAMP COMMENT '╨Т╤А╨╡╨╝╤П ╤Б╨╛╨╖╨┤╨░╨╜╨╕╤П ╤Б╤В╤А╨╛╨║╨╕',
  `updated_at` datetime DEFAULT CURRENT_TIMESTAMP ON UPDATE CURRENT_TIMESTAMP COMMENT '╨Т╤А╨╡╨╝╤П ╨╛╨▒╨╜╨╛╨▓╨╗╨╡╨╜╨╕╤П ╤Б╤В╤А╨╛╨║╨╕',
  PRIMARY KEY (`user_id`,`friend_id`) COMMENT '╨б╨╛╤Б╤В╨░╨▓╨╜╨╛╨╣ ╨┐╨╡╤А╨▓╨╕╤З╨╜╤Л╨╣ ╨║╨╗╤О╤З'
) ENGINE=InnoDB DEFAULT CHARSET=utf8 COLLATE=utf8_unicode_ci COMMENT='╨в╨░╨▒╨╗╨╕╤Ж╨░ ╨┤╤А╤Г╨╢╨▒╤Л';
/*!40101 SET character_set_client = @saved_cs_client */;

--
-- Dumping data for table `friendship`
--

LOCK TABLES `friendship` WRITE;
/*!40000 ALTER TABLE `friendship` DISABLE KEYS */;
INSERT INTO `friendship` VALUES (4,91,3,'2008-08-04 19:49:15','1980-07-30 18:30:20','2008-05-27 23:41:43','2020-12-26 11:05:01'),(6,7,1,'1980-12-06 17:35:36','1996-02-16 20:41:07','1986-11-06 23:34:11','2020-12-26 11:05:01'),(7,12,3,'1976-06-24 22:33:54','1984-10-17 08:59:02','1985-05-06 00:59:23','2020-12-26 11:05:01'),(8,11,2,'1980-03-30 01:53:00','1997-04-22 21:04:29','2013-12-14 23:43:25','2020-12-26 11:05:01'),(9,35,3,'1993-08-19 00:39:58','1977-02-12 00:51:09','2008-03-24 02:31:32','2020-12-26 11:05:01'),(9,39,3,'2011-08-15 13:15:28','1994-12-15 22:11:43','1994-06-04 11:41:05','2020-12-26 11:05:01'),(10,98,3,'1989-01-15 05:35:05','1981-11-16 05:49:04','2014-11-15 16:06:22','2020-12-26 11:05:01'),(26,33,3,'1998-06-30 21:06:31','1989-09-24 16:13:51','1971-04-14 23:57:48','2020-12-26 11:05:01'),(33,63,3,'1992-10-11 04:26:02','1995-03-01 16:24:42','2007-08-21 22:15:14','2020-12-26 11:05:01'),(34,74,2,'2013-05-19 19:13:21','2001-10-02 11:10:19','2014-06-21 18:33:18','2020-12-26 11:05:01'),(35,34,2,'2015-02-25 12:54:51','2015-12-18 19:25:58','2001-06-04 06:33:52','2020-12-26 11:05:01'),(38,77,3,'1976-04-12 20:19:02','1976-03-17 04:29:38','1986-09-03 13:48:19','2020-12-26 11:05:01'),(41,67,1,'1981-11-04 01:35:22','2019-08-27 20:40:55','2019-05-21 10:30:46','2020-12-26 11:05:01'),(43,17,1,'1986-09-01 12:01:28','2001-02-20 11:20:09','2000-09-19 08:28:46','2020-12-26 11:05:01'),(47,44,1,'1995-08-09 16:57:28','1984-10-24 07:26:50','1979-03-18 14:38:20','2020-12-26 11:05:01'),(52,63,3,'1997-12-30 04:37:39','1996-07-26 03:21:23','1991-12-12 22:57:22','2020-12-26 11:05:01'),(53,80,1,'1980-12-14 01:30:47','1979-11-23 22:51:41','2004-01-13 07:02:09','2020-12-26 11:05:01'),(57,74,2,'2013-05-21 17:41:04','1977-10-30 22:09:01','2001-03-27 00:52:00','2020-12-26 11:05:01'),(61,71,2,'1975-03-26 17:20:57','1975-08-25 15:54:58','1988-01-30 00:38:55','2020-12-26 11:05:01'),(71,25,2,'1988-07-15 22:35:05','1976-12-10 09:58:33','1996-06-28 00:51:02','2020-12-26 11:05:01'),(72,35,2,'2006-04-16 01:31:19','1980-05-15 19:53:52','2010-05-28 20:15:34','2020-12-26 11:05:01'),(75,10,1,'2013-04-23 13:16:50','2013-03-15 16:55:50','1996-04-14 04:49:36','2020-12-26 11:05:01'),(79,49,3,'1970-02-12 14:18:24','1988-02-04 16:35:00','1981-10-03 16:06:15','2020-12-26 11:05:01'),(84,50,2,'1986-08-17 19:58:07','2019-10-03 08:39:29','2001-06-05 13:35:24','2020-12-26 11:05:01'),(86,17,1,'1978-11-15 06:54:24','1975-01-12 08:34:44','2000-07-16 06:49:14','2020-12-26 11:05:01'),(86,69,1,'2013-09-28 13:19:42','2017-08-17 09:32:21','1983-08-11 23:07:48','2020-12-26 11:05:01'),(88,42,2,'1973-08-04 18:15:42','1994-09-03 12:04:06','1975-07-11 08:26:00','2020-12-26 11:05:01'),(95,42,1,'2015-10-31 21:26:00','2016-05-09 03:06:44','1993-08-15 23:23:07','2020-12-26 11:05:01'),(95,95,2,'2007-04-19 22:13:07','1972-02-21 02:28:27','2006-08-11 20:53:41','2020-12-26 11:05:01'),(97,75,3,'1992-06-14 00:13:44','2015-03-02 02:33:22','2000-03-01 22:42:52','2020-12-26 11:05:01');
/*!40000 ALTER TABLE `friendship` ENABLE KEYS */;
UNLOCK TABLES;

--
-- Table structure for table `friendship_statuses`
--

DROP TABLE IF EXISTS `friendship_statuses`;
/*!40101 SET @saved_cs_client     = @@character_set_client */;
/*!40101 SET character_set_client = utf8 */;
CREATE TABLE `friendship_statuses` (
  `id` int unsigned NOT NULL AUTO_INCREMENT COMMENT '╨Ш╨┤╨╡╨╜╤В╨╕╤Д╨╕╨║╨░╤В╨╛╤А ╤Б╤В╤А╨╛╨║╨╕',
  `name` varchar(150) CHARACTER SET utf8 COLLATE utf8_unicode_ci NOT NULL COMMENT '╨Э╨░╨╖╨▓╨░╨╜╨╕╨╡ ╤Б╤В╨░╤В╤Г╤Б╨░',
  `created_at` datetime DEFAULT CURRENT_TIMESTAMP COMMENT '╨Т╤А╨╡╨╝╤П ╤Б╨╛╨╖╨┤╨░╨╜╨╕╤П ╤Б╤В╤А╨╛╨║╨╕',
  `updated_at` datetime DEFAULT CURRENT_TIMESTAMP ON UPDATE CURRENT_TIMESTAMP COMMENT '╨Т╤А╨╡╨╝╤П ╨╛╨▒╨╜╨╛╨▓╨╗╨╡╨╜╨╕╤П ╤Б╤В╤А╨╛╨║╨╕',
  PRIMARY KEY (`id`),
  UNIQUE KEY `name` (`name`)
) ENGINE=InnoDB AUTO_INCREMENT=4 DEFAULT CHARSET=utf8 COLLATE=utf8_unicode_ci COMMENT='╨б╤В╨░╤В╤Г╤Б╤Л ╨┤╤А╤Г╨╢╨▒╤Л';
/*!40101 SET character_set_client = @saved_cs_client */;

--
-- Dumping data for table `friendship_statuses`
--

LOCK TABLES `friendship_statuses` WRITE;
/*!40000 ALTER TABLE `friendship_statuses` DISABLE KEYS */;
INSERT INTO `friendship_statuses` VALUES (1,'Requested','2020-12-26 11:04:59','2020-12-26 11:04:59'),(2,'Approved','2020-12-26 11:04:59','2020-12-26 11:04:59'),(3,'Declined','2020-12-26 11:04:59','2020-12-26 11:04:59');
/*!40000 ALTER TABLE `friendship_statuses` ENABLE KEYS */;
UNLOCK TABLES;

--
-- Table structure for table `gender`
--

DROP TABLE IF EXISTS `gender`;
/*!40101 SET @saved_cs_client     = @@character_set_client */;
/*!40101 SET character_set_client = utf8 */;
CREATE TABLE `gender` (
  `id` int unsigned NOT NULL AUTO_INCREMENT COMMENT 'Идентификатор строки',
  `gender` varchar(25) DEFAULT NULL COMMENT 'Название пола',
  `gender_info` varchar(150) DEFAULT NULL COMMENT 'Информация о поле',
  `active` tinyint(1) DEFAULT NULL COMMENT 'Активен/Неактивен. Доступность для выбора',
  `created_at` datetime DEFAULT CURRENT_TIMESTAMP COMMENT 'Время создания строки',
  `updated_at` datetime DEFAULT CURRENT_TIMESTAMP ON UPDATE CURRENT_TIMESTAMP COMMENT 'Время обновления строки',
  PRIMARY KEY (`id`)
) ENGINE=InnoDB AUTO_INCREMENT=3 DEFAULT CHARSET=utf8mb4 COLLATE=utf8mb4_0900_ai_ci COMMENT='Варианты полов';
/*!40101 SET character_set_client = @saved_cs_client */;

--
-- Dumping data for table `gender`
--

LOCK TABLES `gender` WRITE;
/*!40000 ALTER TABLE `gender` DISABLE KEYS */;
INSERT INTO `gender` VALUES (1,'M','Мужской',NULL,'2020-12-26 11:04:47','2020-12-26 11:04:47'),(2,'F','Женский',NULL,'2020-12-26 11:04:47','2020-12-26 11:04:47');
/*!40000 ALTER TABLE `gender` ENABLE KEYS */;
UNLOCK TABLES;

--
-- Table structure for table `like_type`
--

DROP TABLE IF EXISTS `like_type`;
/*!40101 SET @saved_cs_client     = @@character_set_client */;
/*!40101 SET character_set_client = utf8 */;
CREATE TABLE `like_type` (
  `id` int unsigned NOT NULL AUTO_INCREMENT COMMENT 'Идентификатор строки',
  `count_likes` int unsigned DEFAULT NULL COMMENT 'Количество лайков',
  `created_at` datetime DEFAULT CURRENT_TIMESTAMP COMMENT 'Время создания строки',
  `updated_at` datetime DEFAULT CURRENT_TIMESTAMP ON UPDATE CURRENT_TIMESTAMP COMMENT 'Время обновления строки',
  `from_user_id` int unsigned NOT NULL COMMENT 'Ссылка на профиль пользователя',
  PRIMARY KEY (`id`)
) ENGINE=InnoDB AUTO_INCREMENT=128 DEFAULT CHARSET=utf8mb4 COLLATE=utf8mb4_0900_ai_ci;
/*!40101 SET character_set_client = @saved_cs_client */;

--
-- Dumping data for table `like_type`
--

LOCK TABLES `like_type` WRITE;
/*!40000 ALTER TABLE `like_type` DISABLE KEYS */;
INSERT INTO `like_type` VALUES (1,28,'2020-12-26 12:54:28','2020-12-26 12:54:28',1),(2,98,'2020-12-26 12:54:28','2020-12-26 12:54:28',2),(3,9,'2020-12-26 12:54:28','2020-12-26 12:54:28',3),(4,50,'2020-12-26 12:54:28','2020-12-26 12:54:28',4),(5,25,'2020-12-26 12:54:28','2020-12-26 12:54:28',5),(6,76,'2020-12-26 12:54:28','2020-12-26 12:54:28',6),(7,3,'2020-12-26 12:54:28','2020-12-26 12:54:28',7),(8,90,'2020-12-26 12:54:28','2020-12-26 12:54:28',8),(9,40,'2020-12-26 12:54:28','2020-12-26 12:54:28',9),(10,31,'2020-12-26 12:54:28','2020-12-26 12:54:28',10),(11,34,'2020-12-26 12:54:28','2020-12-26 12:54:28',11),(12,80,'2020-12-26 12:54:28','2020-12-26 12:54:28',12),(13,99,'2020-12-26 12:54:28','2020-12-26 12:54:28',13),(14,53,'2020-12-26 12:54:28','2020-12-26 12:54:28',14),(15,70,'2020-12-26 12:54:28','2020-12-26 12:54:28',15),(16,90,'2020-12-26 12:54:28','2020-12-26 12:54:28',16),(17,43,'2020-12-26 12:54:28','2020-12-26 12:54:28',17),(18,45,'2020-12-26 12:54:28','2020-12-26 12:54:28',18),(19,98,'2020-12-26 12:54:28','2020-12-26 12:54:28',19),(20,52,'2020-12-26 12:54:28','2020-12-26 12:54:28',20),(21,68,'2020-12-26 12:54:28','2020-12-26 12:54:28',21),(22,84,'2020-12-26 12:54:28','2020-12-26 12:54:28',22),(23,17,'2020-12-26 12:54:28','2020-12-26 12:54:28',23),(24,34,'2020-12-26 12:54:28','2020-12-26 12:54:28',24),(25,19,'2020-12-26 12:54:28','2020-12-26 12:54:28',25),(26,92,'2020-12-26 12:54:28','2020-12-26 12:54:28',26),(27,6,'2020-12-26 12:54:28','2020-12-26 12:54:28',27),(28,54,'2020-12-26 12:54:28','2020-12-26 12:54:28',28),(29,50,'2020-12-26 12:54:28','2020-12-26 12:54:28',29),(30,92,'2020-12-26 12:54:28','2020-12-26 12:54:28',30),(31,9,'2020-12-26 12:54:28','2020-12-26 12:54:28',31),(32,70,'2020-12-26 12:54:28','2020-12-26 12:54:28',32),(33,21,'2020-12-26 12:54:28','2020-12-26 12:54:28',33),(34,98,'2020-12-26 12:54:28','2020-12-26 12:54:28',34),(35,28,'2020-12-26 12:54:28','2020-12-26 12:54:28',35),(36,48,'2020-12-26 12:54:28','2020-12-26 12:54:28',36),(37,53,'2020-12-26 12:54:28','2020-12-26 12:54:28',37),(38,22,'2020-12-26 12:54:28','2020-12-26 12:54:28',38),(39,52,'2020-12-26 12:54:28','2020-12-26 12:54:28',39),(40,95,'2020-12-26 12:54:28','2020-12-26 12:54:28',40),(41,18,'2020-12-26 12:54:28','2020-12-26 12:54:28',41),(42,8,'2020-12-26 12:54:28','2020-12-26 12:54:28',42),(43,85,'2020-12-26 12:54:28','2020-12-26 12:54:28',43),(44,2,'2020-12-26 12:54:28','2020-12-26 12:54:28',44),(45,57,'2020-12-26 12:54:28','2020-12-26 12:54:28',45),(46,79,'2020-12-26 12:54:28','2020-12-26 12:54:28',46),(47,23,'2020-12-26 12:54:28','2020-12-26 12:54:28',47),(48,80,'2020-12-26 12:54:28','2020-12-26 12:54:28',48),(49,33,'2020-12-26 12:54:28','2020-12-26 12:54:28',49),(50,22,'2020-12-26 12:54:28','2020-12-26 12:54:28',50),(51,14,'2020-12-26 12:54:28','2020-12-26 12:54:28',51),(52,4,'2020-12-26 12:54:28','2020-12-26 12:54:28',52),(53,76,'2020-12-26 12:54:28','2020-12-26 12:54:28',53),(54,71,'2020-12-26 12:54:28','2020-12-26 12:54:28',54),(55,28,'2020-12-26 12:54:28','2020-12-26 12:54:28',55),(56,28,'2020-12-26 12:54:28','2020-12-26 12:54:28',56),(57,54,'2020-12-26 12:54:28','2020-12-26 12:54:28',57),(58,86,'2020-12-26 12:54:28','2020-12-26 12:54:28',58),(59,71,'2020-12-26 12:54:28','2020-12-26 12:54:28',59),(60,98,'2020-12-26 12:54:28','2020-12-26 12:54:28',60),(61,75,'2020-12-26 12:54:28','2020-12-26 12:54:28',61),(62,83,'2020-12-26 12:54:28','2020-12-26 12:54:28',62),(63,91,'2020-12-26 12:54:28','2020-12-26 12:54:28',63),(64,7,'2020-12-26 12:54:28','2020-12-26 12:54:28',64),(65,61,'2020-12-26 12:54:28','2020-12-26 12:54:28',65),(66,85,'2020-12-26 12:54:28','2020-12-26 12:54:28',66),(67,45,'2020-12-26 12:54:28','2020-12-26 12:54:28',67),(68,67,'2020-12-26 12:54:28','2020-12-26 12:54:28',68),(69,1,'2020-12-26 12:54:28','2020-12-26 12:54:28',69),(70,6,'2020-12-26 12:54:28','2020-12-26 12:54:28',70),(71,28,'2020-12-26 12:54:28','2020-12-26 12:54:28',71),(72,20,'2020-12-26 12:54:28','2020-12-26 12:54:28',72),(73,20,'2020-12-26 12:54:28','2020-12-26 12:54:28',73),(74,37,'2020-12-26 12:54:28','2020-12-26 12:54:28',74),(75,26,'2020-12-26 12:54:28','2020-12-26 12:54:28',75),(76,22,'2020-12-26 12:54:28','2020-12-26 12:54:28',76),(77,30,'2020-12-26 12:54:28','2020-12-26 12:54:28',77),(78,87,'2020-12-26 12:54:28','2020-12-26 12:54:28',78),(79,44,'2020-12-26 12:54:28','2020-12-26 12:54:28',79),(80,60,'2020-12-26 12:54:28','2020-12-26 12:54:28',80),(81,67,'2020-12-26 12:54:28','2020-12-26 12:54:28',81),(82,54,'2020-12-26 12:54:28','2020-12-26 12:54:28',82),(83,73,'2020-12-26 12:54:28','2020-12-26 12:54:28',83),(84,4,'2020-12-26 12:54:28','2020-12-26 12:54:28',84),(85,99,'2020-12-26 12:54:28','2020-12-26 12:54:28',85),(86,83,'2020-12-26 12:54:28','2020-12-26 12:54:28',86),(87,18,'2020-12-26 12:54:28','2020-12-26 12:54:28',87),(88,44,'2020-12-26 12:54:28','2020-12-26 12:54:28',88),(89,67,'2020-12-26 12:54:28','2020-12-26 12:54:28',89),(90,1,'2020-12-26 12:54:28','2020-12-26 12:54:28',90),(91,6,'2020-12-26 12:54:28','2020-12-26 12:54:28',91),(92,28,'2020-12-26 12:54:28','2020-12-26 12:54:28',92),(93,23,'2020-12-26 12:54:28','2020-12-26 12:54:28',93),(94,30,'2020-12-26 12:54:28','2020-12-26 12:54:28',94),(95,84,'2020-12-26 12:54:28','2020-12-26 12:54:28',95),(96,28,'2020-12-26 12:54:28','2020-12-26 12:54:28',96),(97,87,'2020-12-26 12:54:28','2020-12-26 12:54:28',97),(98,55,'2020-12-26 12:54:28','2020-12-26 12:54:28',98),(99,13,'2020-12-26 12:54:28','2020-12-26 12:54:28',99),(100,1,'2020-12-26 12:54:28','2020-12-26 12:54:28',100);
/*!40000 ALTER TABLE `like_type` ENABLE KEYS */;
UNLOCK TABLES;

--
-- Table structure for table `media`
--

DROP TABLE IF EXISTS `media`;
/*!40101 SET @saved_cs_client     = @@character_set_client */;
/*!40101 SET character_set_client = utf8 */;
CREATE TABLE `media` (
  `id` int unsigned NOT NULL AUTO_INCREMENT COMMENT '╨Ш╨┤╨╡╨╜╤В╨╕╤Д╨╕╨║╨░╤В╨╛╤А ╤Б╤В╤А╨╛╨║╨╕',
  `user_id` int unsigned NOT NULL COMMENT '╨б╤Б╤Л╨╗╨║╨░ ╨╜╨░ ╨┐╨╛╨╗╤М╨╖╨╛╨▓╨░╤В╨╡╨╗╤П, ╨║╨╛╤В╨╛╤А╤Л╨╣ ╨╖╨░╨│╤А╤Г╨╖╨╕╨╗ ╤Д╨░╨╣╨╗',
  `filename` varchar(255) CHARACTER SET utf8 COLLATE utf8_unicode_ci NOT NULL COMMENT '╨Я╤Г╤В╤М ╨║ ╤Д╨░╨╣╨╗╤Г',
  `size` int NOT NULL COMMENT '╨а╨░╨╖╨╝╨╡╤А ╤Д╨░╨╣╨╗╨░',
  `metadata` json DEFAULT NULL,
  `media_type_id` int unsigned NOT NULL COMMENT '╨б╤Б╤Л╨╗╨║╨░ ╨╜╨░ ╤В╨╕╨┐ ╨║╨╛╨╜╤В╨╡╨╜╤В╨░',
  `created_at` datetime DEFAULT CURRENT_TIMESTAMP COMMENT '╨Т╤А╨╡╨╝╤П ╤Б╨╛╨╖╨┤╨░╨╜╨╕╤П ╤Б╤В╤А╨╛╨║╨╕',
  `updated_at` datetime DEFAULT CURRENT_TIMESTAMP ON UPDATE CURRENT_TIMESTAMP COMMENT '╨Т╤А╨╡╨╝╤П ╨╛╨▒╨╜╨╛╨▓╨╗╨╡╨╜╨╕╤П ╤Б╤В╤А╨╛╨║╨╕',
  PRIMARY KEY (`id`),
  CONSTRAINT `media_chk_1` CHECK (json_valid(`metadata`))
) ENGINE=InnoDB AUTO_INCREMENT=101 DEFAULT CHARSET=utf8 COLLATE=utf8_unicode_ci COMMENT='╨Ь╨╡╨┤╨╕╨░╤Д╨░╨╣╨╗╤Л';
/*!40101 SET character_set_client = @saved_cs_client */;

--
-- Dumping data for table `media`
--

LOCK TABLES `media` WRITE;
/*!40000 ALTER TABLE `media` DISABLE KEYS */;
INSERT INTO `media` VALUES (1,1,'molestiae',463055,'{\"size\": 463055, \"user_id\": 1, \"filename\": \"molestiae\", \"media_type_id\": 3}',3,'1997-02-22 03:12:04','2020-12-26 11:05:13'),(2,2,'incidunt',8320036,'{\"size\": 8320036, \"user_id\": 2, \"filename\": \"incidunt\", \"media_type_id\": 2}',2,'1997-06-07 10:47:17','2020-12-26 11:05:13'),(3,3,'atque',9856606,'{\"size\": 9856606, \"user_id\": 3, \"filename\": \"atque\", \"media_type_id\": 3}',3,'1980-06-13 05:31:51','2020-12-26 11:05:13'),(4,4,'sed',7861286,'{\"size\": 7861286, \"user_id\": 4, \"filename\": \"sed\", \"media_type_id\": 3}',3,'1974-11-09 23:14:19','2020-12-26 11:05:13'),(5,5,'aperiam',9714753,'{\"size\": 9714753, \"user_id\": 5, \"filename\": \"aperiam\", \"media_type_id\": 2}',2,'1989-05-14 07:32:11','2020-12-26 11:05:13'),(6,6,'cumque',5003106,'{\"size\": 5003106, \"user_id\": 6, \"filename\": \"cumque\", \"media_type_id\": 1}',1,'2008-08-07 21:13:30','2020-12-26 11:05:13'),(7,7,'vel',893859157,'{\"size\": 893859157, \"user_id\": 7, \"filename\": \"vel\", \"media_type_id\": 2}',2,'1991-05-17 05:32:39','2020-12-26 11:05:13'),(8,8,'labore',35926344,'{\"size\": 35926344, \"user_id\": 8, \"filename\": \"labore\", \"media_type_id\": 1}',1,'1985-03-25 03:43:56','2020-12-26 11:05:13'),(9,9,'adipisci',809632,'{\"size\": 809632, \"user_id\": 9, \"filename\": \"adipisci\", \"media_type_id\": 1}',1,'1980-08-19 21:53:16','2020-12-26 11:05:13'),(10,10,'quis',789563,'{\"size\": 789563, \"user_id\": 10, \"filename\": \"quis\", \"media_type_id\": 1}',1,'2014-11-24 02:29:20','2020-12-26 11:05:13'),(11,11,'beatae',122730,'{\"size\": 122730, \"user_id\": 11, \"filename\": \"beatae\", \"media_type_id\": 2}',2,'1974-07-22 07:07:44','2020-12-26 11:05:13'),(12,12,'illum',5871314,'{\"size\": 5871314, \"user_id\": 12, \"filename\": \"illum\", \"media_type_id\": 2}',2,'2015-02-03 09:00:55','2020-12-26 11:05:13'),(13,13,'amet',4347624,'{\"size\": 4347624, \"user_id\": 13, \"filename\": \"amet\", \"media_type_id\": 2}',2,'2017-06-19 20:08:48','2020-12-26 11:05:13'),(14,14,'ad',92668,'{\"size\": 92668, \"user_id\": 14, \"filename\": \"ad\", \"media_type_id\": 3}',3,'1975-03-27 05:08:36','2020-12-26 11:05:13'),(15,15,'nemo',4121414,'{\"size\": 4121414, \"user_id\": 15, \"filename\": \"nemo\", \"media_type_id\": 1}',1,'1979-11-20 02:30:01','2020-12-26 11:05:13'),(16,16,'a',240089,'{\"size\": 240089, \"user_id\": 16, \"filename\": \"a\", \"media_type_id\": 2}',2,'1988-12-30 04:30:05','2020-12-26 11:05:13'),(17,17,'consectetur',7565583,'{\"size\": 7565583, \"user_id\": 17, \"filename\": \"consectetur\", \"media_type_id\": 1}',1,'1997-09-23 02:50:29','2020-12-26 11:05:13'),(18,18,'atque',5464161,'{\"size\": 5464161, \"user_id\": 18, \"filename\": \"atque\", \"media_type_id\": 2}',2,'1994-05-25 01:15:25','2020-12-26 11:05:13'),(19,19,'possimus',4622859,'{\"size\": 4622859, \"user_id\": 19, \"filename\": \"possimus\", \"media_type_id\": 2}',2,'2018-10-24 06:52:48','2020-12-26 11:05:13'),(20,20,'sit',6722327,'{\"size\": 6722327, \"user_id\": 20, \"filename\": \"sit\", \"media_type_id\": 1}',1,'1987-03-09 15:45:48','2020-12-26 11:05:13'),(21,21,'eos',545667577,'{\"size\": 545667577, \"user_id\": 21, \"filename\": \"eos\", \"media_type_id\": 1}',1,'2004-10-18 12:39:48','2020-12-26 11:05:13'),(22,22,'nesciunt',9749919,'{\"size\": 9749919, \"user_id\": 22, \"filename\": \"nesciunt\", \"media_type_id\": 1}',1,'2005-02-27 03:43:46','2020-12-26 11:05:13'),(23,23,'nihil',9473702,'{\"size\": 9473702, \"user_id\": 23, \"filename\": \"nihil\", \"media_type_id\": 2}',2,'1973-06-29 17:40:47','2020-12-26 11:05:13'),(24,24,'quia',33435567,'{\"size\": 33435567, \"user_id\": 24, \"filename\": \"quia\", \"media_type_id\": 3}',3,'1985-09-29 09:13:45','2020-12-26 11:05:13'),(25,25,'rem',255490485,'{\"size\": 255490485, \"user_id\": 25, \"filename\": \"rem\", \"media_type_id\": 3}',3,'1997-02-09 12:49:55','2020-12-26 11:05:13'),(26,26,'facere',8549690,'{\"size\": 8549690, \"user_id\": 26, \"filename\": \"facere\", \"media_type_id\": 2}',2,'2007-08-14 07:37:57','2020-12-26 11:05:13'),(27,27,'suscipit',3515539,'{\"size\": 3515539, \"user_id\": 27, \"filename\": \"suscipit\", \"media_type_id\": 2}',2,'2007-09-03 04:05:24','2020-12-26 11:05:13'),(28,28,'rerum',1930415,'{\"size\": 1930415, \"user_id\": 28, \"filename\": \"rerum\", \"media_type_id\": 2}',2,'1995-01-13 18:51:55','2020-12-26 11:05:13'),(29,29,'beatae',9115290,'{\"size\": 9115290, \"user_id\": 29, \"filename\": \"beatae\", \"media_type_id\": 3}',3,'2019-11-07 06:41:16','2020-12-26 11:05:13'),(30,30,'perferendis',744882,'{\"size\": 744882, \"user_id\": 30, \"filename\": \"perferendis\", \"media_type_id\": 3}',3,'2004-11-11 10:29:30','2020-12-26 11:05:13'),(31,31,'tempore',7212398,'{\"size\": 7212398, \"user_id\": 31, \"filename\": \"tempore\", \"media_type_id\": 1}',1,'2009-12-29 08:56:07','2020-12-26 11:05:13'),(32,32,'ea',810128,'{\"size\": 810128, \"user_id\": 32, \"filename\": \"ea\", \"media_type_id\": 3}',3,'1995-10-12 07:29:38','2020-12-26 11:05:13'),(33,33,'quisquam',441117716,'{\"size\": 441117716, \"user_id\": 33, \"filename\": \"quisquam\", \"media_type_id\": 2}',2,'1983-12-20 14:36:47','2020-12-26 11:05:13'),(34,34,'aut',9737081,'{\"size\": 9737081, \"user_id\": 34, \"filename\": \"aut\", \"media_type_id\": 2}',2,'1992-05-23 02:25:33','2020-12-26 11:05:13'),(35,35,'explicabo',70759838,'{\"size\": 70759838, \"user_id\": 35, \"filename\": \"explicabo\", \"media_type_id\": 1}',1,'1991-02-10 14:20:31','2020-12-26 11:05:13'),(36,36,'hic',6651305,'{\"size\": 6651305, \"user_id\": 36, \"filename\": \"hic\", \"media_type_id\": 2}',2,'1977-12-17 08:04:50','2020-12-26 11:05:13'),(37,37,'non',90408710,'{\"size\": 90408710, \"user_id\": 37, \"filename\": \"non\", \"media_type_id\": 3}',3,'1970-03-21 20:38:13','2020-12-26 11:05:13'),(38,38,'atque',1367244,'{\"size\": 1367244, \"user_id\": 38, \"filename\": \"atque\", \"media_type_id\": 1}',1,'2015-02-08 08:45:25','2020-12-26 11:05:13'),(39,39,'est',7624115,'{\"size\": 7624115, \"user_id\": 39, \"filename\": \"est\", \"media_type_id\": 3}',3,'1983-01-18 03:00:53','2020-12-26 11:05:13'),(40,40,'alias',92683763,'{\"size\": 92683763, \"user_id\": 40, \"filename\": \"alias\", \"media_type_id\": 1}',1,'1982-11-02 09:45:00','2020-12-26 11:05:13'),(41,41,'labore',4019994,'{\"size\": 4019994, \"user_id\": 41, \"filename\": \"labore\", \"media_type_id\": 3}',3,'1991-12-05 17:16:09','2020-12-26 11:05:13'),(42,42,'sit',58180152,'{\"size\": 58180152, \"user_id\": 42, \"filename\": \"sit\", \"media_type_id\": 2}',2,'2005-10-08 03:35:37','2020-12-26 11:05:13'),(43,43,'corrupti',466383,'{\"size\": 466383, \"user_id\": 43, \"filename\": \"corrupti\", \"media_type_id\": 3}',3,'1981-08-27 16:12:29','2020-12-26 11:05:13'),(44,44,'culpa',7227626,'{\"size\": 7227626, \"user_id\": 44, \"filename\": \"culpa\", \"media_type_id\": 3}',3,'1999-08-18 21:35:04','2020-12-26 11:05:13'),(45,45,'voluptatum',4087257,'{\"size\": 4087257, \"user_id\": 45, \"filename\": \"voluptatum\", \"media_type_id\": 2}',2,'1984-12-25 08:53:32','2020-12-26 11:05:13'),(46,46,'illum',6474386,'{\"size\": 6474386, \"user_id\": 46, \"filename\": \"illum\", \"media_type_id\": 1}',1,'2010-07-29 17:20:06','2020-12-26 11:05:13'),(47,47,'voluptatum',8707945,'{\"size\": 8707945, \"user_id\": 47, \"filename\": \"voluptatum\", \"media_type_id\": 2}',2,'1990-03-14 06:04:56','2020-12-26 11:05:13'),(48,48,'reiciendis',891911,'{\"size\": 891911, \"user_id\": 48, \"filename\": \"reiciendis\", \"media_type_id\": 3}',3,'2015-06-04 05:03:35','2020-12-26 11:05:13'),(49,49,'praesentium',45937032,'{\"size\": 45937032, \"user_id\": 49, \"filename\": \"praesentium\", \"media_type_id\": 1}',1,'2020-03-13 18:54:42','2020-12-26 11:05:13'),(50,50,'exercitationem',1307228,'{\"size\": 1307228, \"user_id\": 50, \"filename\": \"exercitationem\", \"media_type_id\": 3}',3,'1982-08-16 09:15:37','2020-12-26 11:05:13'),(51,51,'architecto',84711,'{\"size\": 84711, \"user_id\": 51, \"filename\": \"architecto\", \"media_type_id\": 2}',2,'1975-06-23 00:25:27','2020-12-26 11:05:13'),(52,52,'qui',72510071,'{\"size\": 72510071, \"user_id\": 52, \"filename\": \"qui\", \"media_type_id\": 2}',2,'2005-07-13 14:05:24','2020-12-26 11:05:13'),(53,53,'ut',408401,'{\"size\": 408401, \"user_id\": 53, \"filename\": \"ut\", \"media_type_id\": 3}',3,'1971-05-14 03:25:33','2020-12-26 11:05:13'),(54,54,'exercitationem',84191,'{\"size\": 84191, \"user_id\": 54, \"filename\": \"exercitationem\", \"media_type_id\": 1}',1,'1981-04-07 21:01:28','2020-12-26 11:05:13'),(55,55,'et',68693517,'{\"size\": 68693517, \"user_id\": 55, \"filename\": \"et\", \"media_type_id\": 3}',3,'2006-01-27 00:37:18','2020-12-26 11:05:13'),(56,56,'iusto',28668,'{\"size\": 28668, \"user_id\": 56, \"filename\": \"iusto\", \"media_type_id\": 3}',3,'2009-07-23 14:38:48','2020-12-26 11:05:13'),(57,57,'aut',873490,'{\"size\": 873490, \"user_id\": 57, \"filename\": \"aut\", \"media_type_id\": 2}',2,'1987-05-03 04:39:20','2020-12-26 11:05:13'),(58,58,'autem',8090464,'{\"size\": 8090464, \"user_id\": 58, \"filename\": \"autem\", \"media_type_id\": 3}',3,'2008-11-23 02:59:32','2020-12-26 11:05:13'),(59,59,'animi',9249530,'{\"size\": 9249530, \"user_id\": 59, \"filename\": \"animi\", \"media_type_id\": 2}',2,'1993-08-17 15:00:49','2020-12-26 11:05:13'),(60,60,'consequatur',1973566,'{\"size\": 1973566, \"user_id\": 60, \"filename\": \"consequatur\", \"media_type_id\": 1}',1,'1994-09-28 04:12:19','2020-12-26 11:05:13'),(61,61,'dolore',894569,'{\"size\": 894569, \"user_id\": 61, \"filename\": \"dolore\", \"media_type_id\": 3}',3,'1992-12-16 02:26:57','2020-12-26 11:05:13'),(62,62,'sint',91581,'{\"size\": 91581, \"user_id\": 62, \"filename\": \"sint\", \"media_type_id\": 1}',1,'2013-02-15 06:27:22','2020-12-26 11:05:13'),(63,63,'voluptatem',2120155,'{\"size\": 2120155, \"user_id\": 63, \"filename\": \"voluptatem\", \"media_type_id\": 2}',2,'2010-03-30 09:31:07','2020-12-26 11:05:13'),(64,64,'tempora',80922014,'{\"size\": 80922014, \"user_id\": 64, \"filename\": \"tempora\", \"media_type_id\": 1}',1,'1971-11-24 15:07:55','2020-12-26 11:05:13'),(65,65,'vitae',4685512,'{\"size\": 4685512, \"user_id\": 65, \"filename\": \"vitae\", \"media_type_id\": 1}',1,'1981-05-17 16:41:43','2020-12-26 11:05:13'),(66,66,'quaerat',7043743,'{\"size\": 7043743, \"user_id\": 66, \"filename\": \"quaerat\", \"media_type_id\": 1}',1,'1997-11-08 23:01:31','2020-12-26 11:05:13'),(67,67,'tempore',1168371,'{\"size\": 1168371, \"user_id\": 67, \"filename\": \"tempore\", \"media_type_id\": 1}',1,'2002-01-02 14:46:42','2020-12-26 11:05:13'),(68,68,'repudiandae',4712190,'{\"size\": 4712190, \"user_id\": 68, \"filename\": \"repudiandae\", \"media_type_id\": 2}',2,'1996-05-10 15:55:53','2020-12-26 11:05:13'),(69,69,'blanditiis',58230,'{\"size\": 58230, \"user_id\": 69, \"filename\": \"blanditiis\", \"media_type_id\": 3}',3,'2005-12-20 17:09:16','2020-12-26 11:05:13'),(70,70,'et',6158796,'{\"size\": 6158796, \"user_id\": 70, \"filename\": \"et\", \"media_type_id\": 3}',3,'2006-11-27 02:22:42','2020-12-26 11:05:13'),(71,71,'nobis',17536928,'{\"size\": 17536928, \"user_id\": 71, \"filename\": \"nobis\", \"media_type_id\": 3}',3,'1979-12-15 09:33:57','2020-12-26 11:05:13'),(72,72,'mollitia',4129781,'{\"size\": 4129781, \"user_id\": 72, \"filename\": \"mollitia\", \"media_type_id\": 1}',1,'2011-06-04 01:17:42','2020-12-26 11:05:13'),(73,73,'asperiores',599083,'{\"size\": 599083, \"user_id\": 73, \"filename\": \"asperiores\", \"media_type_id\": 3}',3,'1977-03-13 10:29:45','2020-12-26 11:05:13'),(74,74,'debitis',4531807,'{\"size\": 4531807, \"user_id\": 74, \"filename\": \"debitis\", \"media_type_id\": 2}',2,'2017-04-19 17:32:41','2020-12-26 11:05:13'),(75,75,'quis',494486,'{\"size\": 494486, \"user_id\": 75, \"filename\": \"quis\", \"media_type_id\": 1}',1,'2012-05-02 02:33:25','2020-12-26 11:05:13'),(76,76,'ex',40911,'{\"size\": 40911, \"user_id\": 76, \"filename\": \"ex\", \"media_type_id\": 1}',1,'1979-07-30 22:34:58','2020-12-26 11:05:13'),(77,77,'autem',862415,'{\"size\": 862415, \"user_id\": 77, \"filename\": \"autem\", \"media_type_id\": 1}',1,'2013-10-04 15:04:04','2020-12-26 11:05:13'),(78,78,'aut',698920,'{\"size\": 698920, \"user_id\": 78, \"filename\": \"aut\", \"media_type_id\": 2}',2,'2002-06-08 19:44:56','2020-12-26 11:05:13'),(79,79,'impedit',918910,'{\"size\": 918910, \"user_id\": 79, \"filename\": \"impedit\", \"media_type_id\": 1}',1,'2011-10-09 05:54:11','2020-12-26 11:05:13'),(80,80,'voluptas',9935927,'{\"size\": 9935927, \"user_id\": 80, \"filename\": \"voluptas\", \"media_type_id\": 1}',1,'2007-03-14 01:01:03','2020-12-26 11:05:13'),(81,81,'debitis',2497996,'{\"size\": 2497996, \"user_id\": 81, \"filename\": \"debitis\", \"media_type_id\": 2}',2,'2002-12-06 01:11:07','2020-12-26 11:05:13'),(82,82,'ullam',96922,'{\"size\": 96922, \"user_id\": 82, \"filename\": \"ullam\", \"media_type_id\": 2}',2,'1981-04-15 00:38:57','2020-12-26 11:05:13'),(83,83,'nam',121375,'{\"size\": 121375, \"user_id\": 83, \"filename\": \"nam\", \"media_type_id\": 1}',1,'1984-01-27 06:16:51','2020-12-26 11:05:13'),(84,84,'dignissimos',7086946,'{\"size\": 7086946, \"user_id\": 84, \"filename\": \"dignissimos\", \"media_type_id\": 2}',2,'2002-03-07 23:58:06','2020-12-26 11:05:13'),(85,85,'cupiditate',9741336,'{\"size\": 9741336, \"user_id\": 85, \"filename\": \"cupiditate\", \"media_type_id\": 1}',1,'1980-08-25 05:28:55','2020-12-26 11:05:13'),(86,86,'inventore',35215,'{\"size\": 35215, \"user_id\": 86, \"filename\": \"inventore\", \"media_type_id\": 2}',2,'1992-07-06 13:12:50','2020-12-26 11:05:13'),(87,87,'suscipit',1172953,'{\"size\": 1172953, \"user_id\": 87, \"filename\": \"suscipit\", \"media_type_id\": 3}',3,'1972-11-09 23:32:34','2020-12-26 11:05:13'),(88,88,'dolor',8986581,'{\"size\": 8986581, \"user_id\": 88, \"filename\": \"dolor\", \"media_type_id\": 2}',2,'1983-02-16 23:03:21','2020-12-26 11:05:13'),(89,89,'quo',6661889,'{\"size\": 6661889, \"user_id\": 89, \"filename\": \"quo\", \"media_type_id\": 2}',2,'1984-03-05 12:25:04','2020-12-26 11:05:13'),(90,90,'quia',45100369,'{\"size\": 45100369, \"user_id\": 90, \"filename\": \"quia\", \"media_type_id\": 3}',3,'1986-11-28 19:54:50','2020-12-26 11:05:13'),(91,91,'maxime',7085375,'{\"size\": 7085375, \"user_id\": 91, \"filename\": \"maxime\", \"media_type_id\": 3}',3,'1985-06-25 09:24:30','2020-12-26 11:05:13'),(92,92,'dolore',9788993,'{\"size\": 9788993, \"user_id\": 92, \"filename\": \"dolore\", \"media_type_id\": 2}',2,'1990-06-03 10:00:30','2020-12-26 11:05:13'),(93,93,'ut',8959551,'{\"size\": 8959551, \"user_id\": 93, \"filename\": \"ut\", \"media_type_id\": 1}',1,'1995-08-18 18:13:53','2020-12-26 11:05:13'),(94,94,'maxime',5432161,'{\"size\": 5432161, \"user_id\": 94, \"filename\": \"maxime\", \"media_type_id\": 2}',2,'2007-02-18 07:13:41','2020-12-26 11:05:13'),(95,95,'consequatur',69950,'{\"size\": 69950, \"user_id\": 95, \"filename\": \"consequatur\", \"media_type_id\": 1}',1,'2008-04-06 03:58:53','2020-12-26 11:05:13'),(96,96,'dolore',282231,'{\"size\": 282231, \"user_id\": 96, \"filename\": \"dolore\", \"media_type_id\": 3}',3,'2000-02-11 00:15:40','2020-12-26 11:05:13'),(97,97,'quis',891252683,'{\"size\": 891252683, \"user_id\": 97, \"filename\": \"quis\", \"media_type_id\": 1}',1,'2013-04-13 23:41:53','2020-12-26 11:05:13'),(98,98,'qui',649627691,'{\"size\": 649627691, \"user_id\": 98, \"filename\": \"qui\", \"media_type_id\": 3}',3,'1988-09-25 02:13:32','2020-12-26 11:05:13'),(99,99,'quod',5114669,'{\"size\": 5114669, \"user_id\": 99, \"filename\": \"quod\", \"media_type_id\": 2}',2,'2007-06-06 16:06:11','2020-12-26 11:05:13'),(100,100,'corporis',681069935,'{\"size\": 681069935, \"user_id\": 100, \"filename\": \"corporis\", \"media_type_id\": 2}',2,'1979-12-25 09:55:07','2020-12-26 11:05:13');
/*!40000 ALTER TABLE `media` ENABLE KEYS */;
UNLOCK TABLES;

--
-- Table structure for table `media_types`
--

DROP TABLE IF EXISTS `media_types`;
/*!40101 SET @saved_cs_client     = @@character_set_client */;
/*!40101 SET character_set_client = utf8 */;
CREATE TABLE `media_types` (
  `id` int unsigned NOT NULL AUTO_INCREMENT COMMENT '╨Ш╨┤╨╡╨╜╤В╨╕╤Д╨╕╨║╨░╤В╨╛╤А ╤Б╤В╤А╨╛╨║╨╕',
  `name` varchar(255) CHARACTER SET utf8 COLLATE utf8_unicode_ci NOT NULL COMMENT '╨Э╨░╨╖╨▓╨░╨╜╨╕╨╡ ╤В╨╕╨┐╨░',
  `created_at` datetime DEFAULT CURRENT_TIMESTAMP COMMENT '╨Т╤А╨╡╨╝╤П ╤Б╨╛╨╖╨┤╨░╨╜╨╕╤П ╤Б╤В╤А╨╛╨║╨╕',
  `updated_at` datetime DEFAULT CURRENT_TIMESTAMP ON UPDATE CURRENT_TIMESTAMP COMMENT '╨Т╤А╨╡╨╝╤П ╨╛╨▒╨╜╨╛╨▓╨╗╨╡╨╜╨╕╤П ╤Б╤В╤А╨╛╨║╨╕',
  PRIMARY KEY (`id`),
  UNIQUE KEY `name` (`name`)
) ENGINE=InnoDB AUTO_INCREMENT=8 DEFAULT CHARSET=utf8 COLLATE=utf8_unicode_ci COMMENT='╨в╨╕╨┐╤Л ╨╝╨╡╨┤╨╕╨░╤Д╨░╨╣╨╗╨╛╨▓';
/*!40101 SET character_set_client = @saved_cs_client */;

--
-- Dumping data for table `media_types`
--

LOCK TABLES `media_types` WRITE;
/*!40000 ALTER TABLE `media_types` DISABLE KEYS */;
INSERT INTO `media_types` VALUES (1,'eligendi','2012-03-17 03:06:57','2011-12-09 12:59:49'),(2,'ut','2004-01-28 10:39:14','2001-11-13 12:45:27'),(3,'aspernatur','1975-01-16 03:49:59','2014-09-03 09:44:32'),(4,'ullam','1974-01-15 05:18:39','2013-04-11 00:47:57'),(5,'Video','2020-12-26 11:04:54','2020-12-26 11:04:54'),(6,'Audio','2020-12-26 11:04:54','2020-12-26 11:04:54'),(7,'Image','2020-12-26 11:04:54','2020-12-26 11:04:54');
/*!40000 ALTER TABLE `media_types` ENABLE KEYS */;
UNLOCK TABLES;

--
-- Table structure for table `messages`
--

DROP TABLE IF EXISTS `messages`;
/*!40101 SET @saved_cs_client     = @@character_set_client */;
/*!40101 SET character_set_client = utf8 */;
CREATE TABLE `messages` (
  `id` int unsigned NOT NULL AUTO_INCREMENT COMMENT '╨Ш╨┤╨╡╨╜╤В╨╕╤Д╨╕╨║╨░╤В╨╛╤А ╤Б╤В╤А╨╛╨║╨╕',
  `from_user_id` int unsigned NOT NULL COMMENT '╨б╤Б╤Л╨╗╨║╨░ ╨╜╨░ ╨╛╤В╨┐╤А╨░╨▓╨╕╤В╨╡╨╗╤П ╤Б╨╛╨╛╨▒╤Й╨╡╨╜╨╕╤П',
  `to_user_id` int unsigned NOT NULL COMMENT '╨б╤Б╤Л╨╗╨║╨░ ╨╜╨░ ╨┐╨╛╨╗╤Г╤З╨░╤В╨╡╨╗╤П ╤Б╨╛╨╛╨▒╤Й╨╡╨╜╨╕╤П',
  `body` text CHARACTER SET utf8 COLLATE utf8_unicode_ci NOT NULL COMMENT '╨в╨╡╨║╤Б╤В ╤Б╨╛╨╛╨▒╤Й╨╡╨╜╨╕╤П',
  `is_important` tinyint(1) DEFAULT NULL COMMENT '╨Я╤А╨╕╨╖╨╜╨░╨║ ╨▓╨░╨╢╨╜╨╛╤Б╤В╨╕',
  `is_delivered` tinyint(1) DEFAULT NULL COMMENT '╨Я╤А╨╕╨╖╨╜╨░╨║ ╨┤╨╛╤Б╤В╨░╨▓╨║╨╕',
  `created_at` datetime DEFAULT CURRENT_TIMESTAMP COMMENT '╨Т╤А╨╡╨╝╤П ╤Б╨╛╨╖╨┤╨░╨╜╨╕╤П ╤Б╤В╤А╨╛╨║╨╕',
  `updated_at` datetime DEFAULT CURRENT_TIMESTAMP ON UPDATE CURRENT_TIMESTAMP COMMENT '╨Т╤А╨╡╨╝╤П ╨╛╨▒╨╜╨╛╨▓╨╗╨╡╨╜╨╕╤П ╤Б╤В╤А╨╛╨║╨╕',
  PRIMARY KEY (`id`)
) ENGINE=InnoDB AUTO_INCREMENT=101 DEFAULT CHARSET=utf8 COLLATE=utf8_unicode_ci COMMENT='╨б╨╛╨╛╨▒╤Й╨╡╨╜╨╕╤П';
/*!40101 SET character_set_client = @saved_cs_client */;

--
-- Dumping data for table `messages`
--

LOCK TABLES `messages` WRITE;
/*!40000 ALTER TABLE `messages` DISABLE KEYS */;
INSERT INTO `messages` VALUES (1,31,5,'Sequi blanditiis velit alias blanditiis veniam possimus molestiae. Libero repudiandae libero et excepturi omnis. Omnis ipsum ullam doloremque rerum omnis quia hic.',1,1,'1976-11-21 21:01:37','2020-12-26 11:04:53'),(2,33,51,'Nostrum sit illo sunt et veritatis enim. Quasi ut rerum sapiente sequi.',1,0,'1976-01-23 17:31:57','2020-12-26 11:04:53'),(3,55,19,'Saepe libero et exercitationem ipsum occaecati. Fugit animi assumenda sit voluptate itaque voluptatem sit. Ut praesentium nisi qui et et sit quia.',1,0,'1976-08-15 04:19:51','2020-12-26 11:04:53'),(4,31,99,'Quas deleniti in corporis porro eum doloribus delectus. Est veritatis earum quia quas in praesentium. Sit fugiat quae qui nobis nam.',1,1,'1996-07-06 09:03:52','2020-12-26 11:04:53'),(5,99,100,'Nulla deleniti libero cum exercitationem qui vero. Eum voluptatem aperiam hic cumque libero. Sed dolorem maxime eum voluptatibus dolorem.',0,1,'1980-12-07 09:22:49','2020-12-26 11:04:53'),(6,1,6,'Unde nulla consequatur qui quis non. Quia tenetur vel a quidem. Qui quidem vel magnam voluptas. Laudantium dolorem fuga natus earum veniam deleniti debitis nam.',0,1,'2016-04-02 16:02:59','2020-12-26 11:04:53'),(7,26,10,'Non in ut quis ipsa sunt. Eligendi et in eum est iusto facere.',0,1,'2003-02-09 05:19:28','2020-12-26 11:04:53'),(8,71,27,'Natus qui id in corporis. Repellendus tempora officia aut pariatur omnis nihil assumenda. Dignissimos voluptas odit quidem dignissimos. Magni dolorem amet qui et.',1,1,'1980-09-22 17:05:46','2020-12-26 11:04:53'),(9,20,20,'Non sint soluta praesentium. Consequatur magnam distinctio nihil quod quis. Facilis qui molestias voluptate maiores. Omnis velit architecto nihil et ut tempore.',0,0,'2003-06-12 17:22:48','2020-12-26 11:04:53'),(10,39,32,'Corrupti aut perferendis fugiat laudantium vel velit vel. Recusandae ullam temporibus vitae sint placeat perferendis. Labore provident doloribus modi aspernatur aperiam at odio quia. Magnam voluptates autem et sunt.',1,1,'2019-01-08 23:52:02','2020-12-26 11:04:53'),(11,45,26,'Sit voluptatem assumenda molestiae quo quidem quo repudiandae. Odio sit perferendis similique blanditiis. Consequatur quae consequatur vero.',1,1,'2019-02-05 13:02:28','2020-12-26 11:04:53'),(12,96,3,'Veritatis quo molestiae reprehenderit laboriosam excepturi facere molestiae sapiente. Et blanditiis maiores et a commodi accusantium sed perferendis. Sed ducimus rem earum.',1,0,'2007-06-26 14:36:11','2020-12-26 11:04:53'),(13,25,14,'Quia iusto itaque ut nam voluptas. Quis fuga consectetur doloribus. Cupiditate vero sit nam et. Sapiente eos impedit itaque et illo est. Quis reiciendis nostrum in saepe consequatur perferendis.',1,0,'1998-10-05 21:23:09','2020-12-26 11:04:53'),(14,97,43,'Autem et aut corporis est. Magni ea incidunt qui ab non in asperiores. Ad fugiat et omnis excepturi nesciunt quo sunt est.',1,0,'1983-03-25 09:12:32','2020-12-26 11:04:53'),(15,21,75,'Voluptas quis nihil fuga voluptatem. Qui voluptate reiciendis animi impedit quis eveniet. Eaque similique rerum numquam et rerum similique voluptatum. Illo tempore ullam aut nemo.',1,1,'1990-04-29 02:29:44','2020-12-26 11:04:53'),(16,12,34,'Quibusdam vel totam et voluptatem atque natus. Laborum sit sed deleniti et illo. Ut qui mollitia aut necessitatibus veritatis reprehenderit. Laborum dolorem sed quae. Laboriosam quia voluptas quos rerum eius.',1,1,'1999-06-02 22:49:11','2020-12-26 11:04:53'),(17,32,61,'Aperiam aut harum exercitationem. Magni libero officia soluta velit exercitationem atque aut. Repellendus et consectetur nulla beatae pariatur blanditiis. Sed et pariatur et voluptates.',1,1,'1996-03-03 15:49:47','2020-12-26 11:04:53'),(18,6,49,'Ducimus est enim distinctio ab est et. Quia reprehenderit suscipit vero non architecto dignissimos aperiam. Consequuntur nulla amet qui qui quasi est quia. Reiciendis vitae corrupti unde inventore dolorem.',0,0,'1999-01-29 19:40:32','2020-12-26 11:04:53'),(19,25,77,'Aliquam facere beatae quia incidunt ratione. Ut ex ut qui quibusdam. Aspernatur dignissimos maiores praesentium et similique fugit vero.',0,1,'1986-04-02 10:06:36','2020-12-26 11:04:53'),(20,10,17,'Iure ut quis in omnis. Ratione temporibus et necessitatibus aut dolor sit. Occaecati sed nisi consequatur quis aut praesentium. Ut eveniet eveniet quod adipisci ullam facilis.',0,1,'1979-07-06 03:14:45','2020-12-26 11:04:53'),(21,55,22,'Excepturi nesciunt odio sequi in quia rerum deleniti. Dicta ut vero sequi quas ipsa.',1,0,'1975-02-19 11:06:15','2020-12-26 11:04:53'),(22,48,70,'Consequatur est non possimus corrupti inventore aut. Accusantium ea tempora maxime doloremque sed ducimus. Ratione dolorum rerum consequuntur dolorem et.',0,0,'1980-10-14 11:31:20','2020-12-26 11:04:53'),(23,8,28,'Non est nesciunt vel sint unde impedit. Eaque officiis tempora et doloremque rem architecto. Repellat accusamus iste similique. Fugit itaque ratione totam.',0,1,'1987-11-15 16:47:24','2020-12-26 11:04:53'),(24,16,97,'Est sed accusamus et ut exercitationem unde fuga quos. Laudantium sunt voluptates et deserunt dolores aut.',1,0,'1988-10-10 07:45:23','2020-12-26 11:04:53'),(25,36,87,'Impedit placeat et recusandae qui. Ipsa deleniti vero incidunt occaecati. Consequatur voluptates explicabo fugit ut.',1,0,'1998-04-13 20:17:34','2020-12-26 11:04:53'),(26,26,71,'Nihil odit officia ex. Enim cupiditate dolorum nihil quis quo. Non ad expedita ducimus sed autem. Aut sunt quidem consectetur.',0,0,'2020-10-03 19:23:26','2020-12-26 11:04:53'),(27,74,57,'Quisquam ut nobis hic fugiat aut sint. Aut eum alias ut neque. Est fugiat ipsa error ipsam.',0,0,'2012-03-08 19:40:12','2020-12-26 11:04:53'),(28,61,37,'Aut libero laboriosam quo. Vel qui nam est et fugit. Porro laborum quia ut sunt minima at quibusdam architecto.',1,1,'1978-09-14 12:26:56','2020-12-26 11:04:53'),(29,99,85,'Qui doloribus distinctio numquam deserunt nemo. Repellendus molestias non adipisci omnis neque non aut. Est corporis voluptatem eligendi eos impedit praesentium.',0,1,'2020-06-09 15:17:55','2020-12-26 11:04:53'),(30,25,72,'Soluta ducimus et labore et tenetur quod eaque quod. Pariatur sint tempore ut alias sit et cum. Animi dolorem cupiditate neque impedit. Dignissimos ut eum earum animi eaque.',0,0,'2011-02-26 05:23:14','2020-12-26 11:04:53'),(31,84,3,'Nulla sunt et et maxime. Debitis similique nobis sint impedit architecto aut consequuntur. Praesentium voluptas et voluptas sunt sit culpa praesentium. Fuga consequuntur et earum neque architecto excepturi. Dolor voluptate porro aut enim accusantium vel.',1,0,'1976-04-22 14:41:07','2020-12-26 11:04:53'),(32,64,9,'Incidunt rerum dolores quis facilis aut enim rem. Consequuntur consequuntur voluptatem illo iusto. Velit itaque et unde eum molestiae. Debitis doloribus non et.',0,1,'2007-05-12 08:28:27','2020-12-26 11:04:53'),(33,54,40,'Nobis praesentium impedit quis accusantium ab et. Omnis sed quibusdam odio. Suscipit iure debitis dolorem quia praesentium.',0,1,'1985-07-26 00:21:11','2020-12-26 11:04:53'),(34,38,71,'Deserunt voluptatibus et ut quidem aut praesentium. Tenetur rerum et vel nam. Ut unde provident et est debitis in cumque.',1,1,'1980-04-01 21:30:18','2020-12-26 11:04:53'),(35,40,86,'Quam sed pariatur nulla tempore quas consectetur enim. Natus voluptatem repellendus et dolorem delectus fugit magni. Veritatis quia soluta incidunt neque dolorum fugit. Ullam sunt ex ea quisquam atque deserunt consequatur. Dolore cupiditate reiciendis rem et voluptas.',0,1,'1980-01-10 00:31:35','2020-12-26 11:04:53'),(36,8,83,'Consequatur et soluta quis delectus. Et voluptate qui eius similique numquam necessitatibus. Quas cumque blanditiis tenetur. Provident temporibus repellat perferendis vel odit qui perspiciatis.',0,1,'2017-04-17 12:25:53','2020-12-26 11:04:53'),(37,92,11,'Voluptatem sint nihil aliquam vel aut odio. Cumque at enim commodi ducimus. Ut enim est voluptate quia officiis numquam.',0,0,'2009-10-11 18:15:55','2020-12-26 11:04:53'),(38,78,56,'Odit eaque sunt molestias minima. Tenetur consequatur sint vero quia cumque. Qui harum impedit quia. Voluptatem voluptates in itaque necessitatibus sint.',1,1,'2017-04-28 14:43:50','2020-12-26 11:04:53'),(39,44,54,'Est atque velit incidunt culpa sapiente quaerat repellat sint. Autem quia provident dolore suscipit id vel doloribus. Dolorem tempore voluptas omnis laboriosam ipsa tenetur est. Laudantium nemo velit excepturi nostrum qui.',0,0,'2001-02-23 05:19:01','2020-12-26 11:04:53'),(40,38,25,'Porro itaque sed id ipsum voluptatem et. Asperiores dolor quia quae est voluptas nostrum. Doloribus alias dolores a harum. Nihil in quisquam repellendus rem quas aut et.',1,1,'1977-01-15 11:04:12','2020-12-26 11:04:53'),(41,12,83,'Culpa quam deleniti ut repudiandae ex. Dolores sint facilis quo atque voluptatem recusandae porro. Voluptate quae ab quia.',1,0,'1983-05-25 20:49:27','2020-12-26 11:04:53'),(42,79,45,'Officia asperiores qui pariatur esse. Quasi voluptates et quia doloremque ipsa temporibus fugiat. Quod qui quasi dolor quas eum accusantium.',0,1,'1993-04-27 18:58:42','2020-12-26 11:04:53'),(43,88,6,'Esse voluptatum tempore est alias. Est et consequatur et ratione unde quaerat tempora. Ut incidunt voluptatem doloribus eos ex rerum.',0,0,'1987-05-28 18:09:38','2020-12-26 11:04:53'),(44,65,8,'Alias maiores provident asperiores rem. Libero deleniti harum architecto aut. Quasi voluptas consequatur placeat vitae ipsa.',0,0,'2016-12-10 06:28:59','2020-12-26 11:04:53'),(45,43,89,'Debitis suscipit at quam exercitationem alias nihil nobis. Reprehenderit quod pariatur ut ex est quia dolorum. Repudiandae officia quos rerum.',1,1,'1996-07-04 09:10:09','2020-12-26 11:04:53'),(46,17,17,'Ea quis tempore odio distinctio alias. Fugiat sint deleniti excepturi autem. Commodi inventore illo corporis inventore id. Et velit labore odit quia doloremque consequuntur.',0,1,'2012-10-09 05:38:02','2020-12-26 11:04:53'),(47,33,15,'Fuga ut voluptatem doloribus quae molestias. Expedita temporibus repellat repudiandae neque quia laudantium fuga blanditiis. Unde quis adipisci at eligendi. Qui et praesentium dolorem natus non.',1,1,'1981-02-03 03:29:41','2020-12-26 11:04:53'),(48,77,36,'Et error eius perspiciatis dolore voluptas. Sint voluptas reprehenderit rerum ut unde maiores necessitatibus. Deleniti autem dolore quia eius. Deserunt nisi at sit dolorem totam magnam. Earum totam voluptatem vero fugit velit deleniti aliquam veritatis.',0,0,'2006-03-28 22:05:32','2020-12-26 11:04:53'),(49,50,40,'Vitae quis voluptas voluptas enim voluptatibus perferendis. Praesentium nulla ab quae consectetur nulla. Minus quo molestias non pariatur pariatur.',1,0,'2013-01-11 20:07:55','2020-12-26 11:04:53'),(50,51,34,'Consectetur et esse sunt ad inventore. Maiores tempore temporibus amet ut aperiam. Ut repellendus amet quaerat iusto officia.',0,0,'2010-10-29 00:30:16','2020-12-26 11:04:53'),(51,15,72,'Quaerat placeat laboriosam tenetur in qui est. Tempore magni quisquam quia eos. Ex nemo neque nemo et. Quae quisquam tempora dolores dolores cumque ullam. Ut quibusdam sequi suscipit natus quo aut.',1,1,'1988-12-02 10:24:30','2020-12-26 11:04:53'),(52,15,60,'Cupiditate voluptates fugit vel consequatur magni. Voluptatum maxime quia voluptatem tempore. Deleniti et voluptatem alias qui. Labore ratione odio quia molestiae est.',1,0,'1994-09-18 08:14:06','2020-12-26 11:04:53'),(53,53,87,'Nulla ullam magnam vero inventore. Voluptatem excepturi exercitationem est ullam ab possimus. Nisi pariatur temporibus voluptatem commodi quia omnis officia. Sint molestiae omnis cupiditate rem.',1,1,'1971-04-16 04:24:11','2020-12-26 11:04:53'),(54,74,8,'Non tempora corrupti et cumque qui. Aut qui perspiciatis autem voluptatem ut. Dignissimos maiores natus consequuntur. Minima minima molestiae fugit eum.',0,1,'2014-04-26 10:49:38','2020-12-26 11:04:53'),(55,20,73,'Adipisci maiores voluptas qui. Inventore et vel nihil iure ut. Aut tenetur alias qui dicta. Magnam et eum non consequatur ut. Sunt veniam nisi architecto non voluptates commodi.',1,0,'1991-07-15 03:14:07','2020-12-26 11:04:53'),(56,4,3,'Minima quos quasi vel. Veritatis est consequatur recusandae adipisci. Doloribus rerum autem assumenda delectus.',0,1,'2006-09-25 08:34:31','2020-12-26 11:04:53'),(57,2,1,'Sint suscipit voluptatibus ut vero laborum dolor. Odit voluptate voluptatem aperiam eos aliquam fugit. Aperiam aliquid qui magni qui aut possimus. Nobis hic soluta quia culpa aliquid. Et eum est odit hic aut nobis dolorum qui.',1,0,'1980-06-24 22:50:35','2020-12-26 11:04:53'),(58,100,93,'Vel modi qui odit atque hic tenetur. Enim id sed voluptas non temporibus praesentium. Eligendi eos nam quam quod.',1,1,'2008-10-12 15:01:06','2020-12-26 11:04:53'),(59,67,55,'Maiores dolorem est reiciendis qui soluta nobis. Ipsam quia deserunt sapiente non repellat enim. Commodi quos assumenda quos nisi ut ex nulla.',1,0,'1975-04-13 03:06:19','2020-12-26 11:04:53'),(60,73,100,'Aut occaecati impedit accusamus eius vel eligendi odit. Natus maxime sed impedit ab quo et dicta consequatur. Velit architecto est ab.',0,1,'2008-02-20 14:14:39','2020-12-26 11:04:53'),(61,81,6,'Hic nihil qui aut deserunt aut velit iusto. Sed repellendus vero repudiandae corrupti. Hic harum officiis nulla in voluptatum ut. Rem dolor similique dolorum est impedit et vel.',0,1,'1981-10-07 01:43:04','2020-12-26 11:04:53'),(62,84,3,'Est illo doloremque est perferendis. Omnis asperiores ad quia. Aut repellendus quidem atque voluptas quod voluptatibus quis.',0,1,'2020-07-31 15:13:12','2020-12-26 11:04:53'),(63,60,92,'Sunt ut voluptas veniam quod. Est eum assumenda consequuntur maiores occaecati eveniet officiis.',1,0,'2003-10-12 22:32:53','2020-12-26 11:04:53'),(64,80,21,'Ratione reprehenderit animi quam magni aut. Est repellendus eveniet ut vero perferendis consequatur. Quas voluptas quia quia aut facilis culpa facilis.',0,0,'1973-06-09 02:51:00','2020-12-26 11:04:53'),(65,66,67,'Quam accusantium repellat autem doloribus. Dolor cum ut consequuntur. Tenetur atque consequatur est nobis sequi sunt corrupti. Nesciunt dolorum distinctio sequi ut ducimus sunt.',1,1,'2005-07-19 13:45:08','2020-12-26 11:04:53'),(66,38,87,'Minus voluptatibus commodi voluptatem aut dolores qui. Qui sequi odit non repudiandae voluptatem. Aperiam at non ducimus id delectus. Voluptatem enim non nulla veritatis quia.',0,0,'1989-03-28 21:02:27','2020-12-26 11:04:53'),(67,19,33,'Omnis et iure molestias. Repudiandae dolorem necessitatibus nobis facilis sunt dolorum. Cumque illo eum enim consectetur dolorum temporibus totam. Unde odit omnis ullam maxime. Harum atque sed nihil ad et voluptatem reprehenderit.',0,0,'2008-01-06 00:15:25','2020-12-26 11:04:53'),(68,7,37,'Eaque dolor fugiat eveniet. Dolor voluptatum cum nesciunt praesentium soluta.',0,0,'1979-05-24 00:09:33','2020-12-26 11:04:53'),(69,63,3,'Quas perferendis illum sint distinctio maiores. Suscipit dolores animi possimus.',0,0,'2015-11-28 15:49:05','2020-12-26 11:04:53'),(70,28,28,'Ex modi fugit aliquid expedita vero reiciendis et. Voluptatibus qui accusantium recusandae. Architecto ducimus velit deleniti debitis.',0,1,'2004-08-18 03:49:54','2020-12-26 11:04:53'),(71,55,92,'Reiciendis temporibus libero aut enim commodi rem itaque aut. Quia aut vitae expedita consequatur. Accusantium animi libero corrupti et possimus dolore autem. Ipsum aut nesciunt in nostrum minima rerum veniam.',1,1,'2006-05-01 18:55:19','2020-12-26 11:04:53'),(72,95,99,'Voluptatum quis eius impedit animi voluptatem vel cupiditate veritatis. Id consequatur ea et aut ullam eius voluptas. Ullam consectetur iure doloribus eligendi magni possimus facere. Fugit quia minus omnis libero exercitationem consequatur consequatur. Quo enim laborum eum molestias.',1,1,'1990-05-12 19:10:32','2020-12-26 11:04:53'),(73,10,51,'Assumenda quidem eum necessitatibus doloremque et sit quia. Illo eligendi quia neque. Ut non sapiente tempora labore odit in dignissimos qui.',1,0,'2006-10-26 01:21:55','2020-12-26 11:04:53'),(74,24,68,'Eligendi quam quis laudantium sapiente. Eum provident voluptatem laborum voluptates vel qui repellat.',0,0,'1998-02-25 11:27:26','2020-12-26 11:04:53'),(75,67,29,'Reprehenderit sunt id omnis corporis. Molestias architecto ducimus eos quaerat fugiat libero debitis. Quasi recusandae et sequi voluptatem. Rerum ea est et non placeat.',0,1,'2016-11-30 15:15:16','2020-12-26 11:04:53'),(76,43,27,'Ea et reiciendis eos nihil eius suscipit commodi. Qui repudiandae dolorem voluptatem quis quia. Et consequatur est voluptatem magni id dignissimos et aut. Velit aut ut repudiandae.',0,0,'1975-04-13 02:21:21','2020-12-26 11:04:53'),(77,7,54,'Sint tempore et quis eos. Quaerat optio accusamus maxime. Ea et voluptas non quisquam. Voluptate voluptas nobis fugiat qui magnam.',1,1,'1997-09-22 09:00:35','2020-12-26 11:04:53'),(78,49,81,'Dicta et animi ea dolore sit quia. Ipsum et reiciendis laudantium illum. Quae ea et illo et porro quia. Voluptas placeat ex architecto nisi doloremque tempora aut.',1,0,'1973-11-13 02:14:39','2020-12-26 11:04:53'),(79,60,56,'Cumque ut aut praesentium provident. Ut dolorem vel aut sit et. Accusamus vero rerum voluptatem aut. Sapiente aspernatur id ut.',0,1,'2005-10-03 13:25:34','2020-12-26 11:04:53'),(80,97,18,'Amet deserunt sunt consequatur quam. Dolorem inventore ea ut expedita. Magnam qui ut ea recusandae ab officiis. Sit vero hic laboriosam porro. Provident sunt asperiores inventore sit ea.',1,0,'1977-06-06 00:09:44','2020-12-26 11:04:53'),(81,98,38,'Sint nam minima rerum nihil dolorem illo sint. Cupiditate praesentium vel reiciendis ut. Eveniet itaque eum quibusdam similique. Est et suscipit quam suscipit beatae libero.',1,1,'2012-11-05 20:50:38','2020-12-26 11:04:53'),(82,92,49,'Accusantium omnis sint itaque et. Quia est itaque recusandae qui impedit.',0,1,'1970-09-10 06:33:11','2020-12-26 11:04:53'),(83,66,83,'Velit ut unde vel commodi. Consequatur quia et quia ea sapiente dolores. Cupiditate et harum temporibus corrupti aspernatur.',1,1,'1971-02-16 10:16:45','2020-12-26 11:04:53'),(84,18,40,'In quia ad beatae maiores amet rerum eaque libero. Voluptatum voluptatum veniam quibusdam minima. Maiores quo sint nulla enim molestias aut suscipit.',0,0,'1972-02-05 13:14:27','2020-12-26 11:04:53'),(85,45,4,'Architecto sit iste laboriosam pariatur. Architecto velit itaque fugiat.',0,0,'1975-08-08 23:21:46','2020-12-26 11:04:53'),(86,87,20,'Occaecati rerum dolores harum consequatur qui. Necessitatibus enim perspiciatis rerum maiores. Quia soluta optio assumenda animi sit incidunt alias quibusdam.',0,1,'1970-07-31 09:15:50','2020-12-26 11:04:53'),(87,41,42,'Culpa quis expedita voluptates. Error numquam consequatur beatae impedit eum ut voluptas. In non odit necessitatibus aliquid magni non. Sed id pariatur et aut a eligendi ex.',0,0,'1998-06-17 00:03:29','2020-12-26 11:04:53'),(88,89,19,'Omnis libero natus voluptas itaque. Aut numquam autem vero delectus labore error voluptatem qui. Est ratione ut est et. Sequi architecto est culpa atque doloremque ut.',0,1,'1997-02-25 22:12:57','2020-12-26 11:04:53'),(89,27,76,'Impedit non et ipsam qui minima. Dicta id sunt quas. Odio consectetur eligendi et ratione odio. Amet qui exercitationem maxime quasi.',1,1,'2017-02-24 13:18:55','2020-12-26 11:04:53'),(90,97,60,'Laudantium reprehenderit neque aut incidunt adipisci eum aspernatur. Qui doloribus ipsam est dolorem. Similique et et eos sit unde explicabo. Et rerum aut et placeat temporibus eius.',1,0,'1983-03-24 09:35:22','2020-12-26 11:04:53'),(91,7,54,'Aperiam voluptatibus corporis asperiores aut expedita deleniti hic eaque. Et id velit aut voluptatem. Fuga ipsa nostrum eos repellendus ex consequatur voluptate explicabo.',0,0,'1992-12-18 00:32:03','2020-12-26 11:04:53'),(92,50,86,'Laboriosam veniam molestiae voluptatibus enim eum explicabo. Saepe adipisci molestiae quia necessitatibus quod distinctio. Ea officiis voluptas rem qui et non. Ad autem deserunt est nemo.',1,1,'1995-09-05 00:39:34','2020-12-26 11:04:53'),(93,82,49,'Excepturi voluptatibus velit eos neque consequatur. Velit accusantium temporibus repellat ullam et et. Voluptates quia labore tempore quis.',1,0,'1987-06-28 04:32:23','2020-12-26 11:04:53'),(94,100,50,'A laborum dolore expedita qui. Repellendus et autem neque quidem optio iusto. Rerum ut aliquam non expedita ratione.',0,0,'1975-08-28 20:30:06','2020-12-26 11:04:53'),(95,50,2,'Ut in delectus enim laboriosam fugiat. Autem est nulla quis hic in asperiores in. Tempore iste fugit laudantium voluptatem. Minus eum eius et neque. Numquam autem eaque non explicabo alias voluptatem doloremque.',0,0,'2015-12-23 14:12:46','2020-12-26 11:04:53'),(96,59,87,'Assumenda impedit nam quae explicabo voluptatem. Nihil est qui voluptatem est quidem maiores.',0,1,'1987-10-07 10:38:02','2020-12-26 11:04:53'),(97,57,26,'Tempore quia at suscipit dolor nulla sunt adipisci adipisci. Quasi fugit rerum facilis et. Quis est tempore accusamus incidunt delectus rerum velit. Temporibus natus exercitationem unde quo.',0,0,'1974-10-16 01:55:27','2020-12-26 11:04:53'),(98,59,16,'Aut et dolores in. Atque officia vitae beatae qui eum aspernatur. Aut aliquid enim et ipsum totam rerum voluptas.',0,1,'1982-04-27 16:24:34','2020-12-26 11:04:53'),(99,2,61,'Reprehenderit optio vel voluptatibus voluptas eius maxime. Nostrum et dignissimos nihil iure autem ex.',1,1,'2013-10-01 21:24:00','2020-12-26 11:04:53'),(100,100,17,'Perspiciatis voluptates ut qui ad qui. Voluptatem nihil exercitationem enim accusantium est velit a. Eius magni quia impedit in vel et.',0,0,'1992-10-19 10:56:53','2020-12-26 11:04:53');
/*!40000 ALTER TABLE `messages` ENABLE KEYS */;
UNLOCK TABLES;

--
-- Table structure for table `profiles`
--

DROP TABLE IF EXISTS `profiles`;
/*!40101 SET @saved_cs_client     = @@character_set_client */;
/*!40101 SET character_set_client = utf8 */;
CREATE TABLE `profiles` (
  `user_id` int unsigned NOT NULL COMMENT '╨б╤Б╤Л╨╗╨║╨░ ╨╜╨░ ╨┐╨╛╨╗╤М╨╖╨╛╨▓╨░╤В╨╡╨╗╤П',
  `gender_id` int NOT NULL COMMENT 'Ссылка на пол',
  `gender` char(1) COLLATE utf8_unicode_ci DEFAULT NULL COMMENT 'пол',
  `birthday` date DEFAULT NULL COMMENT '╨Ф╨░╤В╨░ ╤А╨╛╨╢╨┤╨╡╨╜╨╕╤П',
  `photo_id` int unsigned DEFAULT NULL COMMENT '╨б╤Б╤Л╨╗╨║╨░ ╨╜╨░ ╨╛╤Б╨╜╨╛╨▓╨╜╤Г╤О ╤Д╨╛╤В╨╛╨│╤А╨░╤Д╨╕╤О ╨┐╨╛╨╗╤М╨╖╨╛╨▓╨░╤В╨╡╨╗╤П',
  `user_status_id` int unsigned DEFAULT NULL,
  `city` varchar(130) CHARACTER SET utf8 COLLATE utf8_unicode_ci DEFAULT NULL COMMENT '╨У╨╛╤А╨╛╨┤ ╨┐╤А╨╛╨╢╨╕╨▓╨░╨╜╨╕╤П',
  `country` varchar(130) CHARACTER SET utf8 COLLATE utf8_unicode_ci DEFAULT NULL COMMENT '╨б╤В╤А╨░╨╜╨░ ╨┐╤А╨╛╨╢╨╕╨▓╨░╨╜╨╕╤П',
  `first_name` varchar(100) COLLATE utf8_unicode_ci NOT NULL COMMENT 'Имя пользователя',
  `last_name` varchar(100) COLLATE utf8_unicode_ci NOT NULL COMMENT 'Фамилия пользователя',
  `created_at` datetime DEFAULT CURRENT_TIMESTAMP COMMENT '╨Т╤А╨╡╨╝╤П ╤Б╨╛╨╖╨┤╨░╨╜╨╕╤П ╤Б╤В╤А╨╛╨║╨╕',
  `updated_at` datetime DEFAULT CURRENT_TIMESTAMP ON UPDATE CURRENT_TIMESTAMP COMMENT '╨Т╤А╨╡╨╝╤П ╨╛╨▒╨╜╨╛╨▓╨╗╨╡╨╜╨╕╤П ╤Б╤В╤А╨╛╨║╨╕',
  PRIMARY KEY (`user_id`)
) ENGINE=InnoDB DEFAULT CHARSET=utf8 COLLATE=utf8_unicode_ci COMMENT='╨Я╤А╨╛╤Д╨╕╨╗╨╕';
/*!40101 SET character_set_client = @saved_cs_client */;

--
-- Dumping data for table `profiles`
--

LOCK TABLES `profiles` WRITE;
/*!40000 ALTER TABLE `profiles` DISABLE KEYS */;
INSERT INTO `profiles` VALUES (1,2,'F','1997-09-06',NULL,2,'West Margarettefurt','Mauritania','Alberto','Luettgen','1975-11-25 00:31:26','2020-12-26 11:05:16'),(2,1,'M','1991-08-31',NULL,1,'South Daneton','Azerbaijan','Janessa','Mosciski','2015-03-08 02:07:42','2020-12-26 11:05:16'),(3,1,'M','2018-10-27',NULL,2,'Lake Deangelo','Burundi','Finn','Kreiger','1975-03-14 10:05:17','2020-12-26 11:05:16'),(4,2,'F','1989-01-28',NULL,1,'Port Kimberly','Sudan','Dante','Reichert','2007-04-09 13:44:17','2020-12-26 11:05:16'),(5,1,'M','1995-07-28',NULL,1,'Lake Darionfurt','Cocos (Keeling) Islands','Alanna','Kihn','1980-03-17 06:49:03','2020-12-26 11:05:16'),(6,2,'F','1995-04-10',NULL,1,'Port Meaghanbury','Uganda','Virginia','McLaughlin','1991-06-15 12:36:12','2020-12-26 11:05:16'),(7,1,'M','1985-12-02',NULL,2,'East Dawson','Colombia','Geovany','Lynch','2018-10-12 10:18:10','2020-12-26 11:05:16'),(8,1,'M','1984-02-08',NULL,1,'South Julieview','Central African Republic','Tremayne','Jacobi','1970-12-16 20:42:52','2020-12-26 11:05:16'),(9,2,'F','2016-08-13',NULL,2,'New Margret','Liberia','Rolando','Towne','2018-07-13 17:36:19','2020-12-26 11:05:16'),(10,2,'F','2016-06-05',NULL,2,'Port Marjorie','Belarus','Leta','Moore','1977-12-18 11:31:24','2020-12-26 11:05:16'),(11,2,'F','1987-06-22',NULL,2,'Baileyberg','Tuvalu','Crystel','Roberts','1993-11-30 19:41:44','2020-12-26 11:05:16'),(12,2,'F','1986-10-15',NULL,2,'Pierreton','Cook Islands','Rhoda','Schmidt','2006-11-20 14:00:27','2020-12-26 11:05:16'),(13,2,'F','2009-10-24',NULL,1,'North Hillard','Niue','Beverly','Bailey','2005-03-06 13:03:22','2020-12-26 11:05:16'),(14,1,'M','1996-12-14',NULL,1,'North Einarfort','French Polynesia','Angel','Jacobs','1974-08-25 18:59:59','2020-12-26 11:05:16'),(15,1,'M','2006-04-27',NULL,1,'Laviniabury','Ethiopia','Alaina','DuBuque','1991-06-21 05:53:40','2020-12-26 11:05:16'),(16,2,'F','1992-04-30',NULL,2,'Murrayfort','Guatemala','Lou','Terry','1974-07-28 17:16:59','2020-12-26 11:05:16'),(17,2,'F','1990-02-26',NULL,2,'Maryseshire','Falkland Islands (Malvinas)','Euna','Wintheiser','2018-01-19 18:05:57','2020-12-26 11:05:16'),(18,2,'F','2004-08-30',NULL,2,'Schroederview','Tonga','Sarina','Little','2009-03-22 02:37:53','2020-12-26 11:05:16'),(19,2,'F','2006-09-26',NULL,2,'North Shanel','Croatia','Winfield','Mante','1975-08-25 04:44:49','2020-12-26 11:05:16'),(20,1,'M','2007-03-11',NULL,1,'South Titusmouth','Kuwait','Pearline','Kuhic','2018-11-21 03:50:30','2020-12-26 11:05:16'),(21,1,'M','2019-02-21',NULL,1,'Port Reymundomouth','Colombia','Jeffry','Parisian','2011-08-23 13:47:27','2020-12-26 11:05:16'),(22,1,'M','2011-11-17',NULL,1,'Klingville','Luxembourg','Herminio','Nikolaus','1980-11-25 14:41:56','2020-12-26 11:05:16'),(23,1,'M','1993-06-18',NULL,1,'Melvinberg','United States Virgin Islands','General','Hilpert','2004-06-16 09:39:22','2020-12-26 11:05:16'),(24,1,'M','1978-01-20',NULL,2,'West Everthaven','Holy See (Vatican City State)','Elda','Jast','2019-02-11 06:08:17','2020-12-26 11:05:16'),(25,2,'F','2009-09-03',NULL,1,'West Judd','Guernsey','Dangelo','Prohaska','2000-06-13 05:53:57','2020-12-26 11:05:16'),(26,2,'F','2014-06-02',NULL,1,'North Ezekiel','Kuwait','Sienna','Walker','1988-06-05 02:42:37','2020-12-26 11:05:16'),(27,1,'M','1981-06-09',NULL,1,'South Jaquelin','Holy See (Vatican City State)','Sandy','Schaefer','1973-03-03 08:44:13','2020-12-26 11:05:16'),(28,1,'M','1990-09-13',NULL,1,'East Adam','Suriname','Courtney','Ortiz','2013-12-08 02:29:59','2020-12-26 11:05:16'),(29,1,'M','2020-07-27',NULL,2,'West Quintenport','Papua New Guinea','Braden','Gutkowski','2007-08-05 02:57:57','2020-12-26 11:05:16'),(30,1,'M','1976-04-12',NULL,2,'South Clemensmouth','Armenia','Delphia','Bartoletti','2015-04-06 15:22:38','2020-12-26 11:05:16'),(31,1,'M','2011-12-05',NULL,1,'North Jamarcusland','Mayotte','Ryan','Klein','1989-05-12 11:00:42','2020-12-26 11:05:16'),(32,2,'F','1978-10-21',NULL,2,'Port Dessiestad','Northern Mariana Islands','Faye','Effertz','1995-09-01 22:25:45','2020-12-26 11:05:16'),(33,1,'M','1991-02-26',NULL,2,'Everardoborough','Cambodia','Marcellus','Kling','1977-10-31 10:04:53','2020-12-26 11:05:16'),(34,2,'F','1992-06-26',NULL,2,'Lowemouth','Singapore','Jeromy','Romaguera','1995-05-12 04:11:42','2020-12-26 11:05:16'),(35,2,'F','2001-03-23',NULL,1,'Lake Rowland','Montenegro','Tobin','Herzog','1981-07-22 18:55:05','2020-12-26 11:05:16'),(36,2,'F','1987-05-25',NULL,2,'Lorenaborough','French Guiana','Harmony','Mitchell','1980-05-15 06:52:54','2020-12-26 11:05:16'),(37,2,'F','2009-12-14',NULL,2,'Greenholtborough','United States of America','Brady','Feeney','1999-07-04 02:11:41','2020-12-26 11:05:16'),(38,1,'M','2010-07-24',NULL,2,'New Amara','Aruba','Reba','Flatley','2015-07-25 06:50:25','2020-12-26 11:05:16'),(39,2,'F','1984-05-24',NULL,1,'Sporerburgh','Montserrat','Rudolph','Maggio','2018-03-06 10:54:00','2020-12-26 11:05:16'),(40,1,'M','1998-03-12',NULL,1,'New Deanburgh','Uruguay','Savanna','Walter','2011-12-31 03:01:17','2020-12-26 11:05:16'),(41,1,'M','1980-10-21',NULL,1,'East Winonafurt','Hungary','Austen','Sipes','2004-03-31 10:18:42','2020-12-26 11:05:16'),(42,1,'M','2009-07-08',NULL,2,'West Eino','Liechtenstein','Salvador','Davis','2001-12-15 00:16:57','2020-12-26 11:05:16'),(43,1,'M','1985-08-07',NULL,2,'New Flo','Holy See (Vatican City State)','Orlo','Bins','1999-10-18 19:16:42','2020-12-26 11:05:16'),(44,2,'F','2008-12-19',NULL,1,'Florenceview','Bhutan','Deanna','Olson','1987-12-17 06:06:06','2020-12-26 11:05:16'),(45,2,'F','1974-12-07',NULL,1,'Leannonborough','Guernsey','Garett','Herman','1977-03-09 11:20:06','2020-12-26 11:05:16'),(46,2,'F','1972-11-24',NULL,2,'Jamartown','Cape Verde','Ashlynn','Heller','1984-10-27 03:40:57','2020-12-26 11:05:16'),(47,2,'F','1986-07-22',NULL,1,'East Houston','French Polynesia','Addison','Prohaska','1994-07-15 15:38:58','2020-12-26 11:05:16'),(48,1,'M','2007-06-11',NULL,2,'South Darrickstad','Mali','Clementine','McGlynn','2006-03-31 23:47:55','2020-12-26 11:05:16'),(49,2,'F','1988-08-18',NULL,2,'East Antoinetteborough','Western Sahara','Pinkie','Oberbrunner','1997-05-16 23:17:38','2020-12-26 11:05:16'),(50,2,'F','2007-08-20',NULL,2,'Wardburgh','Jersey','Alvis','Schaefer','1993-08-17 13:10:21','2020-12-26 11:05:16'),(51,1,'M','2014-12-28',NULL,2,'New Nickmouth','Vietnam','Tristian','Bartoletti','2019-08-19 22:32:36','2020-12-26 11:05:16'),(52,1,'M','2020-06-25',NULL,2,'Jaynefurt','Thailand','Toby','Carter','1987-04-19 00:40:03','2020-12-26 11:05:16'),(53,2,'F','1992-03-30',NULL,1,'Riverport','South Georgia and the South Sandwich Islands','Maye','Heathcote','2016-07-09 18:33:47','2020-12-26 11:05:16'),(54,1,'M','1988-09-07',NULL,2,'Maddisonmouth','Slovakia (Slovak Republic)','Silas','Howell','1988-05-16 21:21:57','2020-12-26 11:05:16'),(55,2,'F','1979-10-06',NULL,1,'Bradtkeshire','American Samoa','Luella','Kunze','1988-10-01 20:51:26','2020-12-26 11:05:16'),(56,1,'M','2016-12-23',NULL,1,'Jakubowskiville','Central African Republic','Colten','Skiles','1972-11-15 17:22:14','2020-12-26 11:05:16'),(57,1,'M','2013-08-29',NULL,1,'New Nelle','Papua New Guinea','Bernie','Kuhn','2001-10-18 04:37:03','2020-12-26 11:05:16'),(58,1,'M','1971-12-24',NULL,2,'Lake Jameson','Czech Republic','Caleb','Rogahn','2008-05-06 00:09:02','2020-12-26 11:05:16'),(59,1,'M','2006-03-25',NULL,2,'New Misael','Nicaragua','Linwood','Hills','2016-05-06 12:07:18','2020-12-26 11:05:16'),(60,1,'M','1973-04-28',NULL,1,'Watsicaport','Israel','Terrance','Weimann','1979-02-10 02:30:00','2020-12-26 11:05:16'),(61,2,'F','2020-10-07',NULL,1,'Durwardtown','Rwanda','Lionel','Bartoletti','1971-05-29 02:20:50','2020-12-26 11:05:16'),(62,1,'M','2018-06-09',NULL,1,'Murrayside','Jersey','Barbara','Ziemann','1976-11-16 02:26:31','2020-12-26 11:05:16'),(63,2,'F','2017-08-11',NULL,2,'Port Alisha','Cape Verde','Lelia','Mraz','2015-12-07 13:46:26','2020-12-26 11:05:16'),(64,1,'M','2017-11-26',NULL,1,'Reingershire','Micronesia','Jamaal','Stracke','1975-09-27 10:09:49','2020-12-26 11:05:16'),(65,1,'M','1981-07-14',NULL,2,'Hauckville','Iceland','Elissa','Nikolaus','2008-04-07 00:03:05','2020-12-26 11:05:16'),(66,1,'M','1999-01-04',NULL,1,'South Jarrettview','Swaziland','Friedrich','Ledner','2003-03-16 12:32:34','2020-12-26 11:05:16'),(67,1,'M','2020-05-20',NULL,2,'Hollymouth','Vanuatu','Demarcus','Weimann','1980-05-31 08:39:32','2020-12-26 11:05:16'),(68,1,'M','2007-02-07',NULL,2,'South Vilma','Tonga','Estella','Wisozk','2013-12-30 07:40:29','2020-12-26 11:05:16'),(69,1,'M','1972-09-02',NULL,2,'West Craigshire','Iceland','Cletus','Greenfelder','1997-10-15 02:17:48','2020-12-26 11:05:16'),(70,2,'F','1997-06-04',NULL,2,'North Sven','Faroe Islands','Alexandre','Brakus','2009-01-10 18:20:03','2020-12-26 11:05:16'),(71,1,'M','1981-06-26',NULL,2,'West Kaleb','United States of America','Delia','Kunde','2014-11-13 10:36:49','2020-12-26 11:05:16'),(72,1,'M','1976-07-14',NULL,2,'East Hugh','Mauritania','Arnold','Jenkins','2008-04-23 10:48:49','2020-12-26 11:05:16'),(73,2,'F','2004-08-06',NULL,2,'Port Murray','Macedonia','Rosalee','Lockman','2003-03-10 03:35:13','2020-12-26 11:05:16'),(74,2,'F','1986-09-09',NULL,2,'Denesikton','Hong Kong','Karson','Emard','1973-12-25 22:51:35','2020-12-26 11:05:16'),(75,1,'M','2004-03-11',NULL,2,'Edmondburgh','Nepal','Trevion','Sporer','1980-08-10 13:42:22','2020-12-26 11:05:16'),(76,2,'F','1985-02-12',NULL,2,'Okunevaton','Hungary','Nadia','Schuppe','1980-11-09 11:38:21','2020-12-26 11:05:16'),(77,2,'F','2013-09-28',NULL,1,'North Ryleighhaven','Saint Barthelemy','Anibal','Turner','1990-10-27 10:24:20','2020-12-26 11:05:16'),(78,1,'M','1981-04-02',NULL,2,'Larsonfurt','United States of America','Kaycee','Sipes','1991-06-14 05:12:15','2020-12-26 11:05:16'),(79,1,'M','2013-11-14',NULL,2,'Littelstad','Mali','Major','Kiehn','2001-02-23 19:36:45','2020-12-26 11:05:16'),(80,2,'F','1981-10-23',NULL,1,'Hettingerview','Jordan','Theresa','Doyle','1971-12-10 22:12:57','2020-12-26 11:05:16'),(81,2,'F','1978-02-25',NULL,1,'Schummburgh','Isle of Man','Mafalda','White','1987-10-11 05:12:45','2020-12-26 11:05:16'),(82,2,'F','1982-04-26',NULL,1,'North Savanahport','Sierra Leone','Berniece','Ruecker','2008-03-26 22:54:45','2020-12-26 11:05:16'),(83,1,'M','2005-01-13',NULL,1,'North Mathilde','French Guiana','Charlie','Rosenbaum','2008-10-13 03:06:07','2020-12-26 11:05:16'),(84,1,'M','2010-11-19',NULL,1,'Jonathanfort','Benin','Hoyt','Kuvalis','1994-04-10 11:20:53','2020-12-26 11:05:16'),(85,1,'M','2007-02-03',NULL,2,'New Winston','United States of America','Ericka','Auer','2001-06-29 08:21:43','2020-12-26 11:05:16'),(86,1,'M','1998-10-21',NULL,1,'North Iliana','Ghana','Madilyn','Prosacco','1997-04-30 22:06:59','2020-12-26 11:05:16'),(87,2,'F','1997-06-23',NULL,2,'Gutkowskishire','Tanzania','Jaren','Predovic','1997-06-06 18:09:56','2020-12-26 11:05:16'),(88,2,'F','1987-09-25',NULL,2,'Gerlachtown','Greenland','Tanya','Toy','2004-01-16 13:58:53','2020-12-26 11:05:16'),(89,1,'M','1978-05-30',NULL,2,'South Casandrafurt','Albania','Shea','O\'Kon','2012-11-26 00:34:40','2020-12-26 11:05:16'),(90,2,'F','1975-04-20',NULL,1,'West Evangelineland','Canada','Lenore','Brakus','1973-06-06 06:38:52','2020-12-26 11:05:16'),(91,2,'F','1972-01-04',NULL,1,'Stromanstad','Albania','Luciano','Zemlak','1985-07-29 01:20:02','2020-12-26 11:05:16'),(92,2,'F','1976-09-25',NULL,1,'Lake Montyhaven','Norfolk Island','Florencio','Witting','2006-12-04 22:27:09','2020-12-26 11:05:16'),(93,1,'M','2000-01-18',NULL,2,'Pagacbury','Korea','Roberta','Kuhn','1988-02-18 06:52:26','2020-12-26 11:05:16'),(94,1,'M','1972-06-27',NULL,2,'Antonemouth','Niger','Janessa','Little','2012-06-18 13:42:33','2020-12-26 11:05:16'),(95,2,'F','2015-11-16',NULL,2,'Troymouth','Morocco','Fabiola','Stark','1983-03-16 07:51:57','2020-12-26 11:05:16'),(96,1,'M','1984-02-27',NULL,2,'New Isabellmouth','United Kingdom','Tyshawn','Wunsch','1994-07-09 04:21:08','2020-12-26 11:05:16'),(97,1,'M','2008-07-27',NULL,1,'South Coyport','Cape Verde','Nigel','O\'Hara','2018-08-26 12:48:20','2020-12-26 11:05:16'),(98,2,'F','1993-09-15',NULL,2,'Simonismouth','Guadeloupe','Wanda','Metz','1973-09-11 18:45:01','2020-12-26 11:05:16'),(99,2,'F','1983-05-21',NULL,2,'Luciechester','Guadeloupe','Jimmie','Rodriguez','1998-09-24 03:48:18','2020-12-26 11:05:16'),(100,2,'F','1971-07-06',NULL,1,'Isaacbury','French Polynesia','Cassandre','Pacocha','1983-01-07 20:37:42','2020-12-26 11:05:16');
/*!40000 ALTER TABLE `profiles` ENABLE KEYS */;
UNLOCK TABLES;

--
-- Table structure for table `user_statuses`
--

DROP TABLE IF EXISTS `user_statuses`;
/*!40101 SET @saved_cs_client     = @@character_set_client */;
/*!40101 SET character_set_client = utf8 */;
CREATE TABLE `user_statuses` (
  `id` int unsigned NOT NULL AUTO_INCREMENT COMMENT 'Идентификатор строки',
  `name` varchar(100) NOT NULL COMMENT 'Название статуса (уникально)',
  `created_at` datetime NOT NULL DEFAULT CURRENT_TIMESTAMP COMMENT 'Время создания строки',
  `updated_at` datetime DEFAULT CURRENT_TIMESTAMP ON UPDATE CURRENT_TIMESTAMP COMMENT 'Время обновления строки',
  PRIMARY KEY (`id`)
) ENGINE=InnoDB AUTO_INCREMENT=5 DEFAULT CHARSET=utf8mb4 COLLATE=utf8mb4_0900_ai_ci COMMENT='Справочник стран';
/*!40101 SET character_set_client = @saved_cs_client */;

--
-- Dumping data for table `user_statuses`
--

LOCK TABLES `user_statuses` WRITE;
/*!40000 ALTER TABLE `user_statuses` DISABLE KEYS */;
INSERT INTO `user_statuses` VALUES (1,'single','2020-12-26 11:04:44','2020-12-26 11:04:44'),(2,'married','2020-12-26 11:04:44','2020-12-26 11:04:44'),(3,'Single','2020-12-26 11:04:48','2020-12-26 11:04:48'),(4,'Married','2020-12-26 11:04:48','2020-12-26 11:04:48');
/*!40000 ALTER TABLE `user_statuses` ENABLE KEYS */;
UNLOCK TABLES;

--
-- Table structure for table `users`
--

DROP TABLE IF EXISTS `users`;
/*!40101 SET @saved_cs_client     = @@character_set_client */;
/*!40101 SET character_set_client = utf8 */;
CREATE TABLE `users` (
  `id` int unsigned NOT NULL AUTO_INCREMENT COMMENT '╨Ш╨┤╨╡╨╜╤В╨╕╤Д╨╕╨║╨░╤В╨╛╤А ╤Б╤В╤А╨╛╨║╨╕',
  `created_at` datetime DEFAULT CURRENT_TIMESTAMP COMMENT '╨Т╤А╨╡╨╝╤П ╤Б╨╛╨╖╨┤╨░╨╜╨╕╤П ╤Б╤В╤А╨╛╨║╨╕',
  `updated_at` datetime DEFAULT CURRENT_TIMESTAMP ON UPDATE CURRENT_TIMESTAMP COMMENT '╨Т╤А╨╡╨╝╤П ╨╛╨▒╨╜╨╛╨▓╨╗╨╡╨╜╨╕╤П ╤Б╤В╤А╨╛╨║╨╕',
  PRIMARY KEY (`id`)
) ENGINE=InnoDB AUTO_INCREMENT=101 DEFAULT CHARSET=utf8 COLLATE=utf8_unicode_ci COMMENT='╨Я╨╛╨╗╤М╨╖╨╛╨▓╨░╤В╨╡╨╗╨╕';
/*!40101 SET character_set_client = @saved_cs_client */;

--
-- Dumping data for table `users`
--

LOCK TABLES `users` WRITE;
/*!40000 ALTER TABLE `users` DISABLE KEYS */;
INSERT INTO `users` VALUES (1,'2009-04-06 03:11:46','2020-12-26 11:04:46'),(2,'1994-09-03 04:24:08','2020-12-26 11:04:46'),(3,'1999-01-07 02:37:13','2020-12-26 11:04:46'),(4,'2018-05-25 13:18:29','2020-12-26 11:04:46'),(5,'1989-02-12 00:39:51','2018-11-04 18:36:03'),(6,'1985-12-26 22:05:07','2014-03-07 22:57:08'),(7,'2011-08-06 20:16:43','2020-12-26 11:04:46'),(8,'1972-01-18 09:45:27','2001-04-08 01:00:57'),(9,'1977-02-24 11:51:55','2009-09-05 20:54:36'),(10,'2007-06-25 21:53:30','2020-12-26 11:04:46'),(11,'1992-08-30 17:41:07','2020-12-26 11:04:46'),(12,'1991-08-05 17:31:53','2001-10-11 17:46:37'),(13,'2017-06-02 14:31:42','2020-07-24 09:28:14'),(14,'1984-09-11 12:04:19','2006-10-02 05:20:44'),(15,'1973-03-23 03:59:55','1997-12-14 02:27:54'),(16,'1995-09-02 21:02:05','2019-04-12 07:33:46'),(17,'2001-12-04 10:56:37','2020-12-26 11:04:46'),(18,'1991-02-07 18:59:46','2020-12-26 11:04:46'),(19,'1972-08-12 11:35:45','1994-04-22 08:57:54'),(20,'1999-10-30 04:16:04','2020-12-26 11:04:46'),(21,'1972-06-10 07:00:56','1994-02-06 03:44:59'),(22,'1984-10-04 16:07:33','2000-12-01 18:43:43'),(23,'1980-06-10 00:24:35','2010-06-24 01:26:03'),(24,'1996-11-20 12:32:31','2020-12-26 11:04:46'),(25,'2007-02-05 22:49:04','2009-10-12 08:09:32'),(26,'1980-08-11 06:31:32','2014-01-23 12:21:42'),(27,'2019-02-03 19:02:26','2020-12-26 11:04:46'),(28,'1979-09-22 00:34:20','2012-04-07 14:55:13'),(29,'2010-02-20 13:04:34','2020-12-26 11:04:46'),(30,'2002-04-07 23:45:31','2020-12-26 11:04:46'),(31,'2016-01-14 05:21:06','2020-12-26 11:04:46'),(32,'1975-07-03 12:28:41','2014-09-07 14:26:01'),(33,'2007-03-30 19:32:05','2020-12-26 11:04:46'),(34,'2019-12-28 11:21:57','2020-12-26 11:04:46'),(35,'1982-04-06 07:59:59','2010-12-24 23:13:36'),(36,'2006-09-21 07:45:58','2020-12-26 11:04:46'),(37,'2004-08-17 23:40:44','2020-12-26 11:04:46'),(38,'2009-02-22 05:54:27','2020-12-26 11:04:46'),(39,'1980-03-18 01:48:39','2014-10-01 09:51:51'),(40,'1997-11-12 09:07:42','2020-12-26 11:04:46'),(41,'2008-12-01 08:04:32','2020-12-26 11:04:46'),(42,'1970-10-09 06:08:24','2020-07-25 18:28:13'),(43,'2008-09-19 10:13:13','2020-12-26 11:04:46'),(44,'1981-11-27 22:28:06','2007-06-26 02:15:57'),(45,'1995-10-07 10:50:06','2001-09-16 01:49:51'),(46,'2017-07-15 15:00:02','2020-12-26 11:04:46'),(47,'2002-03-14 08:42:11','2007-08-21 13:56:06'),(48,'1972-01-16 20:03:45','1990-11-07 07:27:34'),(49,'1970-03-02 04:09:59','1972-01-16 05:42:38'),(50,'1986-08-11 04:50:39','2018-08-22 05:02:54'),(51,'2013-11-16 14:32:20','2020-12-26 11:04:46'),(52,'2017-03-10 19:13:58','2019-05-01 07:13:05'),(53,'2000-07-06 15:43:31','2020-12-26 11:04:46'),(54,'2002-01-04 18:21:27','2020-12-26 11:04:46'),(55,'2008-12-12 20:23:12','2010-11-21 19:35:00'),(56,'1972-09-16 02:47:56','2018-05-11 02:08:20'),(57,'1992-02-18 18:33:00','1993-11-11 22:19:45'),(58,'1976-10-07 05:33:22','2020-12-26 11:04:46'),(59,'1993-10-13 05:07:37','2005-05-06 16:02:59'),(60,'1985-07-31 20:09:55','1987-10-21 17:44:27'),(61,'2011-09-15 02:50:48','2020-12-26 11:04:46'),(62,'2003-09-12 10:56:40','2020-12-26 11:04:46'),(63,'2020-11-18 08:19:14','2020-12-26 11:04:46'),(64,'1999-11-02 02:13:14','2016-09-25 20:08:10'),(65,'1995-10-09 14:08:25','2001-10-29 15:33:31'),(66,'1999-12-08 06:55:17','2020-12-26 11:04:46'),(67,'1971-07-02 02:33:36','1980-06-08 14:11:58'),(68,'2002-12-16 13:51:37','2007-02-11 15:12:19'),(69,'2007-08-25 19:27:31','2020-12-26 11:04:46'),(70,'2003-01-12 17:40:40','2017-11-20 08:03:10'),(71,'1996-01-14 18:19:41','2020-12-26 11:04:46'),(72,'2019-12-05 11:01:32','2020-12-26 11:04:46'),(73,'2014-02-06 12:55:30','2020-12-26 11:04:46'),(74,'1981-02-08 05:42:14','2010-03-18 11:02:12'),(75,'2011-05-15 23:34:42','2020-12-26 11:04:46'),(76,'2019-10-09 10:48:55','2020-12-26 11:04:46'),(77,'1986-09-25 03:17:26','2020-12-26 11:04:46'),(78,'1997-08-13 14:07:35','2008-08-22 23:13:35'),(79,'1974-02-28 08:53:17','2003-02-20 00:26:54'),(80,'1972-10-06 09:48:02','1990-03-05 00:41:28'),(81,'2020-04-28 07:05:34','2020-12-26 11:04:46'),(82,'1984-06-16 08:00:43','1988-08-29 16:10:19'),(83,'1992-03-23 13:44:24','2020-12-26 11:04:46'),(84,'2009-08-09 00:58:34','2020-12-26 11:04:46'),(85,'1975-12-06 10:07:46','2020-12-26 11:04:46'),(86,'2006-03-22 22:57:59','2020-12-26 11:04:46'),(87,'1979-12-30 10:39:13','2011-02-05 18:43:56'),(88,'2012-08-22 03:51:25','2020-12-26 11:04:46'),(89,'1986-08-04 09:58:01','2020-12-26 11:04:46'),(90,'1999-05-16 15:35:59','2011-10-04 18:22:05'),(91,'1990-11-01 09:37:26','2020-12-26 11:04:46'),(92,'1996-09-03 21:08:01','2020-12-26 11:04:46'),(93,'2018-12-18 20:06:05','2020-12-26 11:04:46'),(94,'1975-07-11 09:57:48','2001-11-15 20:30:27'),(95,'1999-07-03 14:43:03','2020-12-26 11:04:46'),(96,'1978-05-08 17:16:43','1999-07-16 07:23:35'),(97,'2007-06-08 06:16:55','2008-01-01 02:40:30'),(98,'2017-08-24 07:14:45','2020-12-26 11:04:46'),(99,'2014-10-17 15:44:25','2015-05-08 00:26:30'),(100,'2011-12-13 10:26:23','2013-07-05 11:42:33');
/*!40000 ALTER TABLE `users` ENABLE KEYS */;
UNLOCK TABLES;

--
-- Dumping routines for database 'vk'
--
/*!40103 SET TIME_ZONE=@OLD_TIME_ZONE */;

/*!40101 SET SQL_MODE=@OLD_SQL_MODE */;
/*!40014 SET FOREIGN_KEY_CHECKS=@OLD_FOREIGN_KEY_CHECKS */;
/*!40014 SET UNIQUE_CHECKS=@OLD_UNIQUE_CHECKS */;
/*!40101 SET CHARACTER_SET_CLIENT=@OLD_CHARACTER_SET_CLIENT */;
/*!40101 SET CHARACTER_SET_RESULTS=@OLD_CHARACTER_SET_RESULTS */;
/*!40101 SET COLLATION_CONNECTION=@OLD_COLLATION_CONNECTION */;
/*!40111 SET SQL_NOTES=@OLD_SQL_NOTES */;

-- Dump completed on 2020-12-26 15:57:27
